Page location,Event name,Interaction Type,Month,Date,Session default channel group,Session source / medium,Event count,Δ
https://guildgolfcarts.com/,form_interaction,form_submission,2,"Feb 21, 2025",Organic Search,google / organic,4,0
https://guildgolfcarts.com/,form_interaction,form_submission,8,"Aug 20, 2025",Organic Search,google / organic,4,
https://guildgolfcarts.com/,content_interaction,phone_click,10,"Oct 15, 2025",Organic Search,google / organic,4,
https://guildgolfcarts.com/,form_interaction,form_submission,7,"Jul 3, 2025",Organic Search,google / organic,3,
https://guildgolfcarts.com/,form_interaction,form_submission,2,"Feb 14, 2026",Paid Search,google / cpc,3,
https://guildgolfcarts.com/,content_interaction,phone_click,3,"Mar 29, 2025",Organic Search,google / organic,3,0
https://guildgolfcarts.com/,content_interaction,phone_click,4,"Apr 25, 2025",Organic Search,google / organic,3,
https://guildgolfcarts.com/,content_interaction,phone_click,6,"Jun 6, 2025",Organic Search,google / organic,3,
https://guildgolfcarts.com/,content_interaction,phone_click,6,"Jun 10, 2025",Direct,(direct) / (none),3,
https://guildgolfcarts.com/,content_interaction,phone_click,7,"Jul 9, 2025",Organic Search,google / organic,3,
https://guildgolfcarts.com/,content_interaction,phone_click,7,"Jul 10, 2025",Organic Search,google / organic,3,
https://guildgolfcarts.com/,content_interaction,phone_click,8,"Aug 7, 2025",Organic Search,google / organic,3,
https://guildgolfcarts.com/,content_interaction,phone_click,8,"Aug 9, 2025",Organic Search,google / organic,3,
https://guildgolfcarts.com/,content_interaction,phone_click,8,"Aug 25, 2025",Organic Search,google / organic,3,
https://guildgolfcarts.com/,content_interaction,phone_click,10,"Oct 21, 2025",Organic Search,google / organic,3,
https://guildgolfcarts.com/,content_interaction,phone_click,1,"Jan 9, 2026",Organic Search,google / organic,3,
https://guildgolfcarts.com/,form_interaction,form_submission,4,"Apr 1, 2025",Organic Search,google / organic,2,0
https://guildgolfcarts.com/,form_interaction,form_submission,4,"Apr 11, 2025",Organic Search,google / organic,2,
https://guildgolfcarts.com/,form_interaction,form_submission,4,"Apr 24, 2025",Organic Search,google / organic,2,
https://guildgolfcarts.com/,form_interaction,form_submission,5,"May 30, 2025",Direct,(direct) / (none),2,
https://guildgolfcarts.com/,form_interaction,form_submission,7,"Jul 15, 2025",Organic Search,google / organic,2,
https://guildgolfcarts.com/,form_interaction,form_submission,8,"Aug 5, 2025",Organic Search,bing / organic,2,
https://guildgolfcarts.com/,form_interaction,form_submission,9,"Sep 11, 2025",Organic Search,google / organic,2,
https://guildgolfcarts.com/,form_interaction,form_submission,10,"Oct 21, 2025",Organic Search,google / organic,2,
https://guildgolfcarts.com/,form_interaction,form_submission,1,"Jan 25, 2026",Direct,(direct) / (none),2,
https://guildgolfcarts.com/,form_interaction,form_submission,2,"Feb 11, 2026",Direct,(direct) / (none),2,
https://guildgolfcarts.com/,form_interaction,form_submission,3,"Mar 30, 2026",Organic Search,google / organic,2,
https://guildgolfcarts.com/,content_interaction,phone_click,3,"Mar 29, 2025",Direct,(direct) / (none),2,0
https://guildgolfcarts.com/,content_interaction,phone_click,4,"Apr 28, 2025",Direct,(direct) / (none),2,
https://guildgolfcarts.com/,content_interaction,phone_click,4,"Apr 30, 2025",Direct,(direct) / (none),2,
https://guildgolfcarts.com/,content_interaction,phone_click,5,"May 6, 2025",Direct,(direct) / (none),2,
https://guildgolfcarts.com/,content_interaction,phone_click,6,"Jun 9, 2025",Direct,(direct) / (none),2,
https://guildgolfcarts.com/,content_interaction,phone_click,6,"Jun 18, 2025",Organic Search,google / organic,2,
https://guildgolfcarts.com/,content_interaction,phone_click,6,"Jun 25, 2025",Direct,(direct) / (none),2,
https://guildgolfcarts.com/,content_interaction,phone_click,7,"Jul 1, 2025",Organic Search,google / organic,2,
https://guildgolfcarts.com/,content_interaction,phone_click,7,"Jul 8, 2025",Organic Search,google / organic,2,
https://guildgolfcarts.com/,content_interaction,phone_click,7,"Jul 11, 2025",Organic Search,google / organic,2,
https://guildgolfcarts.com/,content_interaction,phone_click,7,"Jul 15, 2025",Organic Search,google / organic,2,
https://guildgolfcarts.com/,content_interaction,phone_click,8,"Aug 8, 2025",Organic Search,google / organic,2,
https://guildgolfcarts.com/,content_interaction,phone_click,8,"Aug 15, 2025",Direct,(direct) / (none),2,
https://guildgolfcarts.com/,content_interaction,phone_click,10,"Oct 9, 2025",Organic Search,google / organic,2,
https://guildgolfcarts.com/,content_interaction,phone_click,12,"Dec 26, 2025",Organic Search,google / organic,2,
https://guildgolfcarts.com/,content_interaction,phone_click,2,"Feb 28, 2026",Organic Search,google / organic,2,
https://guildgolfcarts.com/,content_interaction,phone_click,4,"Apr 9, 2026",Unassigned,(not set),2,
https://guildgolfcarts.com/,form_interaction,form_submission,2,"Feb 17, 2025",Organic Search,google / organic,1,0
https://guildgolfcarts.com/,form_interaction,form_submission,2,"Feb 19, 2025",Direct,(direct) / (none),1,0
https://guildgolfcarts.com/,form_interaction,form_submission,2,"Feb 23, 2025",Organic Search,bing / organic,1,0
https://guildgolfcarts.com/,form_interaction,form_submission,2,"Feb 24, 2025",Organic Search,google / organic,1,0
https://guildgolfcarts.com/,form_interaction,form_submission,2,"Feb 26, 2025",Organic Search,google / organic,1,0
https://guildgolfcarts.com/,form_interaction,form_submission,3,"Mar 5, 2025",Direct,(direct) / (none),1,0
https://guildgolfcarts.com/,form_interaction,form_submission,3,"Mar 7, 2025",Organic Search,bing / organic,1,0
https://guildgolfcarts.com/,form_interaction,form_submission,3,"Mar 7, 2025",Organic Search,google / organic,1,0
https://guildgolfcarts.com/,form_interaction,form_submission,3,"Mar 9, 2025",Direct,(direct) / (none),1,0
https://guildgolfcarts.com/,form_interaction,form_submission,3,"Mar 13, 2025",Organic Search,bing / organic,1,0
https://guildgolfcarts.com/,form_interaction,form_submission,3,"Mar 30, 2025",Organic Search,google / organic,1,0
https://guildgolfcarts.com/,form_interaction,form_submission,4,"Apr 7, 2025",Organic Search,google / organic,1,0
https://guildgolfcarts.com/,form_interaction,form_submission,4,"Apr 8, 2025",Organic Search,google / organic,1,0
https://guildgolfcarts.com/,form_interaction,form_submission,4,"Apr 14, 2025",Organic Search,google / organic,1,
https://guildgolfcarts.com/,form_interaction,form_submission,4,"Apr 17, 2025",Direct,(direct) / (none),1,
https://guildgolfcarts.com/,form_interaction,form_submission,4,"Apr 28, 2025",Direct,(direct) / (none),1,
https://guildgolfcarts.com/,form_interaction,form_submission,4,"Apr 29, 2025",Organic Search,google / organic,1,
https://guildgolfcarts.com/,form_interaction,form_submission,4,"Apr 30, 2025",Organic Search,google / organic,1,
https://guildgolfcarts.com/,form_interaction,form_submission,5,"May 2, 2025",Organic Search,google / organic,1,
https://guildgolfcarts.com/,form_interaction,form_submission,5,"May 5, 2025",Organic Search,google / organic,1,
https://guildgolfcarts.com/,form_interaction,form_submission,5,"May 8, 2025",Organic Search,google / organic,1,
https://guildgolfcarts.com/,form_interaction,form_submission,5,"May 10, 2025",Organic Search,google / organic,1,
https://guildgolfcarts.com/,form_interaction,form_submission,5,"May 14, 2025",Organic Search,google / organic,1,
https://guildgolfcarts.com/,form_interaction,form_submission,5,"May 15, 2025",Referral,perplexity.ai / referral,1,
https://guildgolfcarts.com/,form_interaction,form_submission,5,"May 16, 2025",Organic Search,google / organic,1,
https://guildgolfcarts.com/?srsltid=ChEI8LnAwQYQ8eeh9ZCO6%2F%2BJARJRAA20J0cU1RJ06InTeR7zoJx7HR2wiUDTSwQM5p0cyklc1MmJAtv4iJ9cndimH39DAy0OisTVOfnOMS8FJlTRm4IEZ8Zepp9qIF5lIXsHOHzYGgKCJg%3D%3D,form_interaction,form_submission,5,"May 23, 2025",Organic Search,google / organic,1,
https://guildgolfcarts.com/,form_interaction,form_submission,5,"May 24, 2025",Organic Search,google / organic,1,
https://guildgolfcarts.com/,form_interaction,form_submission,5,"May 27, 2025",Organic Search,google / organic,1,
https://guildgolfcarts.com/?srsltid=ChAI8N3%2FwQYQ98PIs%2FjFoMQKElEA8iLs29rdXEjIVAqI6w3jA4ttAUdBn6gQGfWFOSZ8chKIsjnzuQ%2B2byDOLlu8%2Fb0Z85dnIdjvRBnXipHo09AG1daEe25XnBgiEGXKf2PVvfgaAh5P,form_interaction,form_submission,6,"Jun 4, 2025",Organic Search,google / organic,1,
https://guildgolfcarts.com/,form_interaction,form_submission,6,"Jun 10, 2025",Organic Search,google / organic,1,
https://guildgolfcarts.com/,form_interaction,form_submission,6,"Jun 13, 2025",Organic Search,google / organic,1,
https://guildgolfcarts.com/,form_interaction,form_submission,6,"Jun 16, 2025",Direct,(direct) / (none),1,
https://guildgolfcarts.com/,form_interaction,form_submission,6,"Jun 17, 2025",Direct,(direct) / (none),1,
https://guildgolfcarts.com/,form_interaction,form_submission,6,"Jun 21, 2025",Organic Search,google / organic,1,
https://guildgolfcarts.com/,form_interaction,form_submission,6,"Jun 23, 2025",Organic Search,google / organic,1,
https://guildgolfcarts.com/,form_interaction,form_submission,6,"Jun 26, 2025",Organic Search,google / organic,1,
https://guildgolfcarts.com/,form_interaction,form_submission,7,"Jul 4, 2025",Organic Search,google / organic,1,
https://guildgolfcarts.com/,form_interaction,form_submission,7,"Jul 7, 2025",Organic Search,google / organic,1,
https://guildgolfcarts.com/,form_interaction,form_submission,7,"Jul 8, 2025",Organic Search,google / organic,1,
https://guildgolfcarts.com/,form_interaction,form_submission,7,"Jul 16, 2025",Organic Search,google / organic,1,
https://guildgolfcarts.com/,form_interaction,form_submission,7,"Jul 17, 2025",Organic Search,google / organic,1,
https://guildgolfcarts.com/,form_interaction,form_submission,7,"Jul 18, 2025",Organic Search,google / organic,1,
https://guildgolfcarts.com/?srsltid=ChEI8JCCxAYQ1tjKws2V9qGnARJRAAwAzv2I18%2FjFIemy1EEeb69Bgni5jm92bj8sdtzmErTD8IEOVAOEboZCmE68V%2BI0LoAPQ26sH4Q%2BFhabHrLAzdyxffH02W6nfGmwhiZ%2BDRzGgIqQw%3D%3D,form_interaction,form_submission,7,"Jul 23, 2025",Organic Search,google / organic,1,
https://guildgolfcarts.com/,form_interaction,form_submission,7,"Jul 28, 2025",Direct,(direct) / (none),1,
https://guildgolfcarts.com/,form_interaction,form_submission,8,"Aug 7, 2025",Direct,(direct) / (none),1,
https://guildgolfcarts.com/,form_interaction,form_submission,8,"Aug 7, 2025",Organic Search,google / organic,1,
https://guildgolfcarts.com/?srsltid=ChAI8MzrxAYQ6da6kYyjmNc9ElEAalWA2ToofAdXqx7BY3uUZRffwAkZgCOsVUEqG%2B%2Fvgf0vpxfx4%2F1fS9FzL7iA01eQrZMTrSTV7NuDVyzeeD6zJ9V0kBJw7m6Wgp9VzpeNpxMaAqa6,form_interaction,form_submission,8,"Aug 12, 2025",Organic Search,google / organic,1,
https://guildgolfcarts.com/?srsltid=ChEI8JL2xAYQyvOB7OjnyO%2B5ARJRAAPUfVosdDWBCHu%2BJUYcRMcx58QxyjKjTGb0s4jlymjEt3heffNt8ZNWfRhYkpctuJXSfe4IJRhfMxHh58uxCczN5FUejXzWBQc5KVXayZGLGgKexg%3D%3D,form_interaction,form_submission,8,"Aug 14, 2025",Organic Search,google / organic,1,
https://guildgolfcarts.com/,form_interaction,form_submission,8,"Aug 18, 2025",Organic Search,yahoo / organic,1,
https://guildgolfcarts.com/,form_interaction,form_submission,8,"Aug 19, 2025",Organic Search,google / organic,1,
https://guildgolfcarts.com/,form_interaction,form_submission,8,"Aug 22, 2025",Direct,(direct) / (none),1,
https://guildgolfcarts.com/,form_interaction,form_submission,8,"Aug 25, 2025",Organic Search,bing / organic,1,
https://guildgolfcarts.com/,form_interaction,form_submission,9,"Sep 3, 2025",Organic Search,bing / organic,1,
https://guildgolfcarts.com/,form_interaction,form_submission,9,"Sep 26, 2025",Direct,(direct) / (none),1,
https://guildgolfcarts.com/,form_interaction,form_submission,10,"Oct 1, 2025",Organic Search,bing / organic,1,
https://guildgolfcarts.com/,form_interaction,form_submission,10,"Oct 6, 2025",Organic Search,google / organic,1,
https://guildgolfcarts.com/,form_interaction,form_submission,10,"Oct 14, 2025",Organic Search,google / organic,1,
https://guildgolfcarts.com/,form_interaction,form_submission,10,"Oct 25, 2025",Organic Search,google / organic,1,
https://guildgolfcarts.com/,form_interaction,form_submission,11,"Nov 16, 2025",Direct,(direct) / (none),1,
https://guildgolfcarts.com/,form_interaction,form_submission,11,"Nov 28, 2025",Organic Search,google / organic,1,
https://guildgolfcarts.com/,form_interaction,form_submission,12,"Dec 23, 2025",Direct,(direct) / (none),1,
https://guildgolfcarts.com/,form_interaction,form_submission,12,"Dec 29, 2025",Organic Search,google / organic,1,
https://guildgolfcarts.com/,form_interaction,form_submission,1,"Jan 2, 2026",Organic Search,google / organic,1,
https://guildgolfcarts.com/,form_interaction,form_submission,1,"Jan 13, 2026",Direct,(direct) / (none),1,
https://guildgolfcarts.com/,form_interaction,form_submission,1,"Jan 16, 2026",Direct,(direct) / (none),1,
https://guildgolfcarts.com/,form_interaction,form_submission,1,"Jan 21, 2026",Organic Search,google / organic,1,
https://guildgolfcarts.com/,form_interaction,form_submission,1,"Jan 22, 2026",Organic Search,google / organic,1,
https://guildgolfcarts.com/,form_interaction,form_submission,2,"Feb 10, 2026",Paid Search,google / cpc,1,
https://guildgolfcarts.com/,form_interaction,form_submission,2,"Feb 18, 2026",Organic Search,google / organic,1,
https://guildgolfcarts.com/,form_interaction,form_submission,2,"Feb 26, 2026",Organic Search,google / organic,1,
https://guildgolfcarts.com/,form_interaction,form_submission,3,"Mar 1, 2026",Direct,(direct) / (none),1,
https://guildgolfcarts.com/,form_interaction,form_submission,3,"Mar 3, 2026",Direct,(direct) / (none),1,
https://guildgolfcarts.com/,form_interaction,form_submission,3,"Mar 3, 2026",Organic Search,google / organic,1,
https://guildgolfcarts.com/,form_interaction,form_submission,3,"Mar 12, 2026",Organic Search,google / organic,1,
https://guildgolfcarts.com/,form_interaction,form_submission,3,"Mar 15, 2026",Organic Search,google / organic,1,
https://guildgolfcarts.com/,form_interaction,form_submission,3,"Mar 16, 2026",Direct,(direct) / (none),1,
https://guildgolfcarts.com/,form_interaction,form_submission,3,"Mar 18, 2026",Organic Search,google / organic,1,
https://guildgolfcarts.com/,form_interaction,form_submission,3,"Mar 24, 2026",Organic Search,google / organic,1,
https://guildgolfcarts.com/,form_interaction,form_submission,3,"Mar 30, 2026",Direct,(direct) / (none),1,
https://guildgolfcarts.com/,content_interaction,phone_click,2,"Feb 17, 2025",Paid Search,google / cpc,1,0
https://guildgolfcarts.com/,content_interaction,phone_click,2,"Feb 19, 2025",Organic Search,google / organic,1,0
https://guildgolfcarts.com/,content_interaction,phone_click,2,"Feb 21, 2025",Organic Search,google / organic,1,0
https://guildgolfcarts.com/,content_interaction,phone_click,2,"Feb 24, 2025",Organic Search,google / organic,1,0
https://guildgolfcarts.com/,content_interaction,phone_click,3,"Mar 5, 2025",Organic Search,google / organic,1,0
https://guildgolfcarts.com/,content_interaction,phone_click,3,"Mar 7, 2025",Organic Search,bing / organic,1,0
https://guildgolfcarts.com/,content_interaction,phone_click,3,"Mar 11, 2025",Organic Search,google / organic,1,0
https://guildgolfcarts.com/,content_interaction,phone_click,3,"Mar 15, 2025",Direct,(direct) / (none),1,0
https://guildgolfcarts.com/,content_interaction,phone_click,3,"Mar 25, 2025",Direct,(direct) / (none),1,0
https://guildgolfcarts.com/,content_interaction,phone_click,4,"Apr 3, 2025",Organic Search,google / organic,1,0
https://guildgolfcarts.com/,content_interaction,phone_click,4,"Apr 17, 2025",Paid Search,google / cpc,1,
https://guildgolfcarts.com/,content_interaction,phone_click,4,"Apr 18, 2025",Organic Search,google / organic,1,
https://guildgolfcarts.com/,content_interaction,phone_click,4,"Apr 18, 2025",Organic Search,yahoo / organic,1,
https://guildgolfcarts.com/,content_interaction,phone_click,4,"Apr 22, 2025",Paid Search,google / cpc,1,
https://guildgolfcarts.com/,content_interaction,phone_click,4,"Apr 24, 2025",Organic Search,yahoo / organic,1,
https://guildgolfcarts.com/,content_interaction,phone_click,4,"Apr 24, 2025",Paid Search,google / cpc,1,
https://guildgolfcarts.com/,content_interaction,phone_click,4,"Apr 25, 2025",Direct,(direct) / (none),1,
https://guildgolfcarts.com/,content_interaction,phone_click,5,"May 1, 2025",Organic Search,google / organic,1,
https://guildgolfcarts.com/,content_interaction,phone_click,5,"May 2, 2025",Organic Search,duckduckgo / organic,1,
https://guildgolfcarts.com/,content_interaction,phone_click,5,"May 5, 2025",Organic Search,google / organic,1,
https://guildgolfcarts.com/,content_interaction,phone_click,5,"May 14, 2025",Organic Search,google / organic,1,
https://guildgolfcarts.com/,content_interaction,phone_click,5,"May 16, 2025",Organic Search,google / organic,1,
https://guildgolfcarts.com/,content_interaction,phone_click,5,"May 20, 2025",Direct,(direct) / (none),1,
https://guildgolfcarts.com/,content_interaction,phone_click,5,"May 23, 2025",Direct,(direct) / (none),1,
https://guildgolfcarts.com/,content_interaction,phone_click,5,"May 24, 2025",Organic Search,google / organic,1,
https://guildgolfcarts.com/,content_interaction,phone_click,5,"May 27, 2025",Organic Search,google / organic,1,
https://guildgolfcarts.com/,content_interaction,phone_click,5,"May 31, 2025",Direct,(direct) / (none),1,
https://guildgolfcarts.com/,content_interaction,phone_click,5,"May 31, 2025",Organic Search,bing / organic,1,
https://guildgolfcarts.com/,content_interaction,phone_click,6,"Jun 2, 2025",Organic Shopping,google / organic,1,
https://guildgolfcarts.com/,content_interaction,phone_click,6,"Jun 4, 2025",Organic Shopping,google / organic,1,
https://guildgolfcarts.com/,content_interaction,phone_click,6,"Jun 6, 2025",Organic Search,yahoo / organic,1,
https://guildgolfcarts.com/,session_start,phone_click,6,"Jun 6, 2025",Organic Search,google / organic,1,
https://guildgolfcarts.com/,content_interaction,phone_click,6,"Jun 10, 2025",Organic Search,bing / organic,1,
https://guildgolfcarts.com/,content_interaction,phone_click,6,"Jun 10, 2025",Organic Search,google / organic,1,
https://guildgolfcarts.com/,content_interaction,phone_click,6,"Jun 13, 2025",Organic Search,google / organic,1,
https://guildgolfcarts.com/,content_interaction,phone_click,6,"Jun 16, 2025",Organic Search,google / organic,1,
https://guildgolfcarts.com/,content_interaction,phone_click,6,"Jun 17, 2025",Direct,(direct) / (none),1,
https://guildgolfcarts.com/,content_interaction,phone_click,6,"Jun 20, 2025",Organic Search,google / organic,1,
https://guildgolfcarts.com/,content_interaction,phone_click,6,"Jun 24, 2025",Direct,(direct) / (none),1,
https://guildgolfcarts.com/?srsltid=ChAI8IL5wgYQ1YPP5L7C1cJ5ElEAo6T99BLAHfvnAZkC0c8tMsIuTmR14f%2F8Kx%2FJmVS%2BDx5IIp9F8Orozyj2MjvPSZuGb%2Bx3RBccNKNlqeLF%2B1I50vPSrDaYzZIXFEl%2Fi9ZibEQaAkPH,content_interaction,phone_click,6,"Jun 27, 2025",Organic Search,google / organic,1,
https://guildgolfcarts.com/?srsltid=ChEI8KX%2BwgYQk%2Fq8%2Fdzis5fUARJRACQfIpdd3Pn0qKamaWsNHupk96%2B%2BdPHjNtJJ0hSbitfDFVt1jJM7R95jY9ULDybkzVEzxuURO01BAWk6iQyZmfAN1to4Dk5fmrqZJPd4MRC8GgL6ag%3D%3D,content_interaction,phone_click,6,"Jun 28, 2025",Unassigned,(not set),1,
https://guildgolfcarts.com/?srsltid=ChAI8NSYwwYQvPq4utCxh9NoElEAKnC7mjPogr6dCs08g7TcXVfBLw5JVWsEy1HTwLsClUUR1IdDKk8Zgumo%2FZnGiF4nH1ZHv8SnD3us6Yg34ddupDT4h%2B5GvMs4ZGAQDBQnlYEaAt6j,content_interaction,phone_click,7,"Jul 3, 2025",Organic Search,google / organic,1,
https://guildgolfcarts.com/,content_interaction,phone_click,7,"Jul 5, 2025",Organic Search,google / organic,1,
https://guildgolfcarts.com/,content_interaction,phone_click,7,"Jul 6, 2025",Organic Search,google / organic,1,
https://guildgolfcarts.com/,content_interaction,phone_click,7,"Jul 14, 2025",Direct,(direct) / (none),1,
https://guildgolfcarts.com/,content_interaction,phone_click,7,"Jul 15, 2025",Direct,(direct) / (none),1,
https://guildgolfcarts.com/?srsltid=ChAI8OHnwwYQ1erB7rT39JI4ElEAS0bk%2BqXtJRK1DxW6skjU3McAFb12h%2FxgSqDS8edvkq9aocxYDfaaRIxzDl%2Bm%2FW8Vf%2B5%2FkZhGLSyraJmaCbQhZUAIz2a1Pp2x3%2Ft4r%2FhyT3AaAjlq,content_interaction,phone_click,7,"Jul 18, 2025",Organic Search,google / organic,1,
https://guildgolfcarts.com/,content_interaction,phone_click,7,"Jul 19, 2025",Organic Search,google / organic,1,
https://guildgolfcarts.com/,content_interaction,phone_click,7,"Jul 20, 2025",Organic Search,google / organic,1,
https://guildgolfcarts.com/,content_interaction,phone_click,7,"Jul 22, 2025",Organic Search,google / organic,1,
https://guildgolfcarts.com/,content_interaction,phone_click,7,"Jul 27, 2025",Organic Search,google / organic,1,
https://guildgolfcarts.com/,content_interaction,phone_click,7,"Jul 30, 2025",Organic Search,google / organic,1,
https://guildgolfcarts.com/?srsltid=ChAI8IWnxAYQjJeo6a%2Fp4eQcElEAKzU9toEnxPgHlFM1Wl7xEmPo94lgB%2F33LxQStqci%2B1A3%2B7Ti%2BWuCx%2BcISz8nd1t%2BT0cC%2FxTKO6AHbTXEARXzZ02HiSNakuFlo44UgFQUHrkaAjeY,content_interaction,phone_click,7,"Jul 30, 2025",Organic Search,google / organic,1,
https://guildgolfcarts.com/,content_interaction,phone_click,7,"Jul 31, 2025",Organic Search,google / organic,1,
https://guildgolfcarts.com/,content_interaction,phone_click,8,"Aug 4, 2025",Organic Search,bing / organic,1,
https://guildgolfcarts.com/,content_interaction,phone_click,8,"Aug 4, 2025",Organic Search,google / organic,1,
https://guildgolfcarts.com/,content_interaction,phone_click,8,"Aug 5, 2025",Organic Search,bing / organic,1,
https://guildgolfcarts.com/,content_interaction,phone_click,8,"Aug 7, 2025",Organic Search,yahoo / organic,1,
https://guildgolfcarts.com/,content_interaction,phone_click,8,"Aug 11, 2025",Organic Search,google / organic,1,
https://guildgolfcarts.com/,content_interaction,phone_click,8,"Aug 12, 2025",Organic Search,google / organic,1,
https://guildgolfcarts.com/,content_interaction,phone_click,8,"Aug 13, 2025",Direct,(direct) / (none),1,
https://guildgolfcarts.com/,content_interaction,phone_click,8,"Aug 13, 2025",Organic Search,google / organic,1,
https://guildgolfcarts.com/,content_interaction,phone_click,8,"Aug 18, 2025",Organic Search,google / organic,1,
https://guildgolfcarts.com/,content_interaction,phone_click,8,"Aug 20, 2025",Organic Search,google / organic,1,
https://guildgolfcarts.com/,content_interaction,phone_click,8,"Aug 22, 2025",Organic Search,google / organic,1,
https://guildgolfcarts.com/?srsltid=ChAI8KqgxQYQhKb0zoyi7bttElEAU3n746Qmu%2FbcITdQdLTjGT2bOV5653OZf4kRQwSTN4U8XK42ImMJShx5Jbhlpm7pp%2BbjsW5xNk9be3n%2BlCzQ7jBosAInR3pa3Y6gXGdWFMkaAqbB,content_interaction,phone_click,8,"Aug 22, 2025",Organic Search,google / organic,1,
https://guildgolfcarts.com/,content_interaction,phone_click,8,"Aug 23, 2025",Organic Search,google / organic,1,
https://guildgolfcarts.com/,content_interaction,phone_click,8,"Aug 27, 2025",Organic Search,google / organic,1,
https://guildgolfcarts.com/,content_interaction,phone_click,9,"Sep 2, 2025",Direct,(direct) / (none),1,
https://guildgolfcarts.com/,content_interaction,phone_click,9,"Sep 2, 2025",Organic Search,google / organic,1,
https://guildgolfcarts.com/,content_interaction,phone_click,9,"Sep 6, 2025",Organic Search,google / organic,1,
https://guildgolfcarts.com/,content_interaction,phone_click,9,"Sep 9, 2025",Direct,(direct) / (none),1,
https://guildgolfcarts.com/,content_interaction,phone_click,9,"Sep 9, 2025",Organic Search,google / organic,1,
https://guildgolfcarts.com/,content_interaction,phone_click,9,"Sep 11, 2025",Direct,(direct) / (none),1,
https://guildgolfcarts.com/,content_interaction,phone_click,9,"Sep 12, 2025",Organic Search,google / organic,1,
https://guildgolfcarts.com/,content_interaction,phone_click,9,"Sep 19, 2025",Organic Search,google / organic,1,
https://guildgolfcarts.com/,content_interaction,phone_click,9,"Sep 22, 2025",Organic Search,google / organic,1,
https://guildgolfcarts.com/,content_interaction,phone_click,9,"Sep 23, 2025",Organic Search,google / organic,1,
https://guildgolfcarts.com/,content_interaction,phone_click,9,"Sep 24, 2025",Direct,(direct) / (none),1,
https://guildgolfcarts.com/,content_interaction,phone_click,9,"Sep 24, 2025",Organic Search,google / organic,1,
https://guildgolfcarts.com/?srsltid=ChAI8JbexgYQgOvij%2BfMq6hCElEAo0eFIWNKMtJS1f6t6opUv0Ecs4ndVfsvyptAf9G3ucicaalEd8fDilNXJYhycevZANdeLPlVzmwtVzzQppGl1wKQD4DN0xSU%2BXE83HP0tEwaAl9o,content_interaction,phone_click,9,"Sep 27, 2025",Organic Search,google / organic,1,
https://guildgolfcarts.com/,content_interaction,phone_click,9,"Sep 29, 2025",Organic Search,google / organic,1,
https://guildgolfcarts.com/,content_interaction,phone_click,10,"Oct 3, 2025",Direct,(direct) / (none),1,
https://guildgolfcarts.com/,content_interaction,phone_click,10,"Oct 6, 2025",Organic Search,google / organic,1,
https://guildgolfcarts.com/,content_interaction,phone_click,10,"Oct 10, 2025",Organic Search,google / organic,1,
https://guildgolfcarts.com/?srsltid=ChAI8N2ixwYQkIea0NnpvJN8ElEASxZvKUb17ZRN35w9SM3ikU35BTPfPxTAr4%2Bkt1zAPW3Q0YoXmTn5mlqyVFUblJl4qz4fDcr3ElXbNXEZG07iVpvPJ%2FHnBbSvQ4FJ1Q0cPcMaAhVF,content_interaction,phone_click,10,"Oct 10, 2025",Organic Search,google / organic,1,
https://guildgolfcarts.com/?gad_source=1&gad_campaignid=22132725529&gbraid=0AAAAA-hiYqz_2Ws9IjjyS2qC_4Dmx3ADS&gclid=Cj0KCQjwo63HBhCKARIsAHOHV_U983kvfhi1ToTbd_N0BJGkkvMCLOx-zrOaJyfJOcuw7mW3kwqLW-8aAs8OEALw_wcB,content_interaction,phone_click,10,"Oct 12, 2025",Paid Search,google / cpc,1,
https://guildgolfcarts.com/?srsltid=ChAI8KOtxwYQyu3EtJ63sasKElEA5jKk1pCDByTitpDdCizg7o6z0LCijBjF%2B2h3RjPYNK2gWPU%2BZo4W1lQbfGsHfePARedYhm3sv6FunIu22arVPTuC51GT0GJX%2F9GZRG4ogDkaAiL6,content_interaction,phone_click,10,"Oct 12, 2025",Organic Search,google / organic,1,
https://guildgolfcarts.com/,content_interaction,phone_click,10,"Oct 13, 2025",Direct,(direct) / (none),1,
https://guildgolfcarts.com/?srsltid=ChEI8Iy9xwYQhfemx%2Fngk8CeARJRAEH5%2BDg68ut%2BmXiYC3mL%2F3hxER1anqIHqBslUXhDa0rArn0Mqa9LHpOuCnsVUgv2XXhl9Nq7zxlS7XEe1i22dRmSF5qzUBZ8YMSrEH%2BNIU4%2FGgIOJA%3D%3D,content_interaction,phone_click,10,"Oct 15, 2025",Organic Search,google / organic,1,
https://guildgolfcarts.com/,content_interaction,phone_click,10,"Oct 16, 2025",Organic Search,google / organic,1,
https://guildgolfcarts.com/,content_interaction,phone_click,10,"Oct 17, 2025",Organic Search,bing / organic,1,
https://guildgolfcarts.com/,content_interaction,phone_click,10,"Oct 20, 2025",Organic Search,google / organic,1,
https://guildgolfcarts.com/,content_interaction,phone_click,10,"Oct 22, 2025",Organic Search,google / organic,1,
https://guildgolfcarts.com/,content_interaction,phone_click,10,"Oct 23, 2025",Organic Search,google / organic,1,
https://guildgolfcarts.com/,content_interaction,phone_click,10,"Oct 24, 2025",Organic Search,google / organic,1,
https://guildgolfcarts.com/,content_interaction,phone_click,10,"Oct 28, 2025",Organic Search,google / organic,1,
https://guildgolfcarts.com/,content_interaction,phone_click,10,"Oct 29, 2025",Direct,(direct) / (none),1,
https://guildgolfcarts.com/,content_interaction,phone_click,10,"Oct 30, 2025",Organic Search,google / organic,1,
https://guildgolfcarts.com/,content_interaction,phone_click,11,"Nov 7, 2025",Organic Search,google / organic,1,
https://guildgolfcarts.com/?srsltid=ChAIgM62yAYQlo6Oop2xw64sElEA47LF2IqeVI2umVWBNUdGfleB3NlwNy14wNhOacY0iwmM6CtQfeKcHB7184R7AbSdl8%2FfUHJ5WeJQzIKBrVtcpu1T0MATxewKEbblXDbA%2BO4aAmEm,content_interaction,phone_click,11,"Nov 7, 2025",Organic Search,google / organic,1,
https://guildgolfcarts.com/,content_interaction,phone_click,11,"Nov 8, 2025",Organic Search,aol / organic,1,
https://guildgolfcarts.com/?gad_source=1&gad_campaignid=22132725529&gbraid=0AAAAA-hiYqzHHdDzF0E7skTheVYFRjuQi&gclid=CjwKCAiA2svIBhB-EiwARWDPjiDgPLMNHVljgoAUDp0v8oRnSPjPKpXYfYVBPh59P2zZwTT8yH6u1hoC1xwQAvD_BwE,content_interaction,phone_click,11,"Nov 11, 2025",Paid Search,google / cpc,1,
https://guildgolfcarts.com/?gad_source=1&gad_campaignid=22132725529&gbraid=0AAAAA-hiYqwhOiEhVnP3a19qVz2Qka1vA&gclid=CjwKCAiA24XJBhBXEiwAXElO37MHJkCCn60So7jNQownM2zvfKCrLZfLht9XG0UceIpVD6J-WEiPNRoCO6MQAvD_BwE,content_interaction,phone_click,11,"Nov 22, 2025",Paid Search,google / cpc,1,
https://guildgolfcarts.com/,content_interaction,phone_click,11,"Nov 24, 2025",Direct,(direct) / (none),1,
https://guildgolfcarts.com/,content_interaction,phone_click,11,"Nov 28, 2025",Direct,(direct) / (none),1,
https://guildgolfcarts.com/,content_interaction,phone_click,12,"Dec 4, 2025",Organic Search,google / organic,1,
https://guildgolfcarts.com/,content_interaction,phone_click,12,"Dec 10, 2025",Direct,(direct) / (none),1,
https://guildgolfcarts.com/,content_interaction,phone_click,12,"Dec 12, 2025",Direct,(direct) / (none),1,
https://guildgolfcarts.com/,content_interaction,phone_click,12,"Dec 22, 2025",Organic Search,google / organic,1,
https://guildgolfcarts.com/?srsltid=ChEIgLDTygYQseyKjKWUwLbHARJRABAVw9t6aBo%2BfLel5GFhir3lmna%2FSIkzLVcFojjNnhlU%2Bfou9iluywLz7eFvMNlKQOBc8E8zyGxp7FJQqqmDF7ouRlAxm4DIe0m%2F16U4Wa6eGgKhsA%3D%3D,content_interaction,phone_click,12,"Dec 31, 2025",Organic Search,google / organic,1,
https://guildgolfcarts.com/?srsltid=ChAIgN%2FtygYQudfo6dvrirtwElEALZlUp0ufVSdpX08vuPY8Vvu1An1%2FbJbmx9crpS0SjpRK1tsXmuxwv%2BGnUmmIYi9s67GipvP8lRh7Zo3pfsYmNkRldqUYAYc8OfzBIGmE%2BWoaAi12,content_interaction,phone_click,1,"Jan 5, 2026",Organic Search,google / organic,1,
https://guildgolfcarts.com/,content_interaction,phone_click,1,"Jan 7, 2026",Organic Search,google / organic,1,
https://guildgolfcarts.com/,content_interaction,phone_click,1,"Jan 10, 2026",Organic Search,google / organic,1,
https://guildgolfcarts.com/,content_interaction,phone_click,1,"Jan 18, 2026",Organic Search,google / organic,1,
https://guildgolfcarts.com/?srsltid=ChAIgLLHywYQm5GRvqeMmpE1ElEARIyKmZvIAn9r33fZzvkKpCemfupefmaDHD%2B13I50txgFICow1aQpLclap4Bz1DC%2BxnSH3v%2FBPwP1aI%2FjzLUoF66kE0SnbGLU8i6Do2r%2FmwcaAh7d,content_interaction,phone_click,1,"Jan 22, 2026",Organic Search,google / organic,1,
https://guildgolfcarts.com/,content_interaction,phone_click,2,"Feb 5, 2026",Organic Search,google / organic,1,
https://guildgolfcarts.com/,content_interaction,phone_click,2,"Feb 15, 2026",Organic Search,bing / organic,1,
https://guildgolfcarts.com/,content_interaction,phone_click,2,"Feb 16, 2026",Organic Search,google / organic,1,
https://guildgolfcarts.com/,content_interaction,phone_click,2,"Feb 17, 2026",Organic Search,google / organic,1,
https://guildgolfcarts.com/,content_interaction,phone_click,2,"Feb 18, 2026",Organic Search,google / organic,1,
https://guildgolfcarts.com/,content_interaction,phone_click,2,"Feb 21, 2026",Organic Search,duckduckgo / organic,1,
https://guildgolfcarts.com/,content_interaction,phone_click,2,"Feb 21, 2026",Organic Search,google / organic,1,
https://guildgolfcarts.com/,content_interaction,phone_click,2,"Feb 25, 2026",Organic Search,google / organic,1,
https://guildgolfcarts.com/?srsltid=ChAIgNj6zAYQvay3hbWu%2BN1kElEA2AFqiGPuB1mt2qje9xDeSWC%2FjCyWjid9qpQhRLGZ7HMhe0dyKtfW3zxMZW2azhF0trwz6pZLG49uQrs7lrrZBP0gc7ObtUmwxZ%2BGcw6c8bgaAscU,content_interaction,phone_click,2,"Feb 25, 2026",Organic Search,google / organic,1,
https://guildgolfcarts.com/?srsltid=ChEIgPv%2FzAYQsN346NXMnd6WARJRAER4WzMrraZek0LOcYamlcYCAhWGe4WtxKtlsU47ltyl6j0g8fJRhEAM2gV1MfHCV%2FL5CvcnWSAU5N37CjifMdKiOFHahjtNDEPTLBOlTjMVGgKebQ%3D%3D,content_interaction,phone_click,2,"Feb 26, 2026",Organic Search,google / organic,1,
https://guildgolfcarts.com/,content_interaction,phone_click,3,"Mar 1, 2026",Organic Search,yahoo / organic,1,
https://guildgolfcarts.com/,content_interaction,phone_click,3,"Mar 3, 2026",Organic Search,duckduckgo / organic,1,
https://guildgolfcarts.com/?srsltid=ChAIgKqazQYQ9LzSoMqYj%2FYrElEAs2P6XiIFEeKRVilVpikuf28Dq%2FEOVV7psQ43Lel%2Fh0cWRS8CBZqugJYA%2BuSJXWgJKMQ2iTaVMXBYihIbJkeS7Ob2TmbFrrBsmfm0Ydr7DsIaAncd,content_interaction,phone_click,3,"Mar 3, 2026",Organic Search,google / organic,1,
https://guildgolfcarts.com/,content_interaction,phone_click,3,"Mar 10, 2026",Organic Search,google / organic,1,
https://guildgolfcarts.com/,content_interaction,phone_click,3,"Mar 18, 2026",Display,google / cpc,1,
https://guildgolfcarts.com/,content_interaction,phone_click,3,"Mar 21, 2026",Organic Search,google / organic,1,
https://guildgolfcarts.com/,content_interaction,phone_click,3,"Mar 26, 2026",Direct,(direct) / (none),1,
https://guildgolfcarts.com/,content_interaction,phone_click,3,"Mar 26, 2026",Organic Search,google / organic,1,
https://guildgolfcarts.com/,content_interaction,phone_click,3,"Mar 30, 2026",Organic Search,google / organic,1,
https://guildgolfcarts.com/?srsltid=ChEI8NbSzgYQhaTMieenss2zARJRAL5FCH0kS12lXkz6T%2B7aKK7gfba8yzpihiMGQYuJNIhQc4%2FbmDsJ8p494087M%2FNmcp0maaEmwfU5fIoEIczhVgLMFn7lCjFr%2FMZ%2FO3hAsfMXGgJvRA%3D%3D,content_interaction,phone_click,4,"Apr 7, 2026",Unassigned,(not set),1,
https://guildgolfcarts.com/?srsltid=ChEI8NbSzgYQhaTMieenss2zARJRAL5FCH2dxIol8z%2BbNZZeXyDiEVoeE8%2BGNltTl%2B0%2F90hosXlx3X495LN3FNJJ4K%2FluqaOEcr3VgfG4fAuxoiQOHp3eZgUD7wmgB3HURQD9Y8PGgLOnw%3D%3D,content_interaction,phone_click,4,"Apr 7, 2026",Unassigned,(not set),1,
https://guildgolfcarts.com/?fbclid=IwZXh0bgNhZW0CMTEAAR6JazLsjMfVRn6VJnveXFZOnHKt1-G5aFx0LTr_siMYpBCKwtwdyRMzlhfmZQ_aem_GehJ1ymEY1g8o5pFMndjOw,form_interaction,form_submission,10,"Oct 11, 2025",Organic Social,m.facebook.com / referral,2,
https://guildgolfcarts.com/?utm_source=ig&utm_medium=social&utm_content=link_in_bio&fbclid=PAZXh0bgNhZW0CMTEAc3J0YwZhcHBfaWQPMTI0MDI0NTc0Mjg3NDE0AAGnChCPqIsxjOMyLuIgfVuU0B5QoKeg56v5oddebZ0u1U8PX0NUvmad_zX1Kvw_aem_mOgZTQDHoOURujIcICQrqQ,content_interaction,phone_click,12,"Dec 16, 2025",Organic Social,ig / social,1,
https://guildgolfcarts.com/?utm_source=ig&utm_medium=social&utm_content=link_in_bio&fbclid=PAZXh0bgNhZW0CMTEAc3J0YwZhcHBfaWQPMTI0MDI0NTc0Mjg3NDE0AAGnI_dU8NGSAxrlJZ-VrhkUv06TG12k_011hp5MBVSwTR5JTGEObrPvuCUJEdc_aem__4i1WLPe1_BnGrLyU-EV_A,content_interaction,phone_click,3,"Mar 2, 2026",Organic Social,ig / social,1,
https://guildgolfcarts.com/about/,form_interaction,form_submission,3,"Mar 23, 2025",Organic Search,google / organic,2,0
https://guildgolfcarts.com/about/,form_interaction,form_submission,4,"Apr 3, 2025",Organic Search,google / organic,2,0
https://guildgolfcarts.com/about/,form_interaction,form_submission,7,"Jul 6, 2025",Direct,(direct) / (none),2,
https://guildgolfcarts.com/about/,form_interaction,form_submission,6,"Jun 14, 2025",Organic Search,google / organic,1,
https://guildgolfcarts.com/about/?srsltid=ChEI8IjVxQYQ4tibr5fwps%2FbARJRABUOQOp7urNvZXOCk4fFF6Mbw1jp0mWbxIdyy%2BNaAZGdyR32sYfKJvN6I7bzVazhEcFL%2BACjYp8bxoTg0ip6r5hkKa5RJRSTlyWruS6DTKxCGgI3xw%3D%3D,form_interaction,form_submission,9,"Sep 1, 2025",Organic Search,google / organic,1,
https://guildgolfcarts.com/about/?srsltid=ChEI8IjVxQYQ4tibr5fwps%2FbARJRABUOQOqZe%2FE8TKHbkMsMtZaS9yCZZ7Y1RWjP4cAsTb0iB2Cz4HoJZAy5dJ%2FhPgHVS6s9al3%2Fdf6HwHrRqmxE37o2rmCS70TnEgW3T%2BrvGvjfGgKQqQ%3D%3D,form_interaction,form_submission,9,"Sep 1, 2025",Organic Search,google / organic,1,
https://guildgolfcarts.com/about/,form_interaction,form_submission,9,"Sep 24, 2025",Organic Social,l.facebook.com / referral,1,
https://guildgolfcarts.com/about/,form_interaction,form_submission,11,"Nov 4, 2025",Direct,(direct) / (none),1,
https://guildgolfcarts.com/about/,form_interaction,form_submission,11,"Nov 8, 2025",Organic Search,bing / organic,1,
https://guildgolfcarts.com/about/,content_interaction,phone_click,3,"Mar 31, 2025",Direct,(direct) / (none),1,0
https://guildgolfcarts.com/about/,content_interaction,phone_click,5,"May 3, 2025",Organic Search,google / organic,1,
https://guildgolfcarts.com/about/?srsltid=ChEI8K2rwQYQpPOi1MDyhovHARJRALuyZ0hTBjrU6F%2B5mprsETqQo1gWy%2BijX4fejvmyQpCib%2BVIgjbtGRvORYEi7jPvmUrjeD6qfZkPck2rua4wrOG8aal%2FnmczZkYRvwFkILekGgJkBA%3D%3D,content_interaction,phone_click,5,"May 19, 2025",Organic Search,google / organic,1,
https://guildgolfcarts.com/about/?srsltid=ChEI8PTvwQYQo5H%2BuMfwsvO5ARJRAHfd1rEDD6EFJrmJWRnsfWlfRargQ0K9891GCCmeCwCLFT4PpR9NH6VMhPldNr40weBU5x4SuR6e9%2FoaffEsYYYyRsMo4qU%2FYHtEQQOg2EEZGgI2%2BA%3D%3D,content_interaction,phone_click,6,"Jun 1, 2025",Organic Search,google / organic,1,
https://guildgolfcarts.com/about/,content_interaction,phone_click,6,"Jun 7, 2025",Organic Search,google / organic,1,
https://guildgolfcarts.com/about/,content_interaction,phone_click,2,"Feb 5, 2026",Organic Search,google / organic,1,
https://guildgolfcarts.com/are-golf-carts-street-legal-in-illinois/?srsltid=ChAI8KLQwQYQ4uz7rsrKm5UaElEA%2BfXYwujIj08B3JpiQ0RK%2FIq99cc0x1Kah4OeGB8ISR2i01KXS5OsKP7ycfHiU2s7Ov29i7bVWIUpfMjsGn2xY5qtHE3Zyd6JdcUK8gSu20YaAgK1,form_interaction,form_submission,5,"May 26, 2025",Unassigned,(not set),1,
https://guildgolfcarts.com/are-golf-carts-street-legal-in-illinois/,content_interaction,phone_click,4,"Apr 15, 2025",Organic Search,google / organic,1,
https://guildgolfcarts.com/blog/?e-page-1482d34=14,content_interaction,phone_click,6,"Jun 25, 2025",Direct,(direct) / (none),1,
https://guildgolfcarts.com/blog/?e-page-1482d34=14,session_start,phone_click,6,"Jun 25, 2025",Direct,(direct) / (none),1,
https://guildgolfcarts.com/can-i-charge-an-8-volt-battery-with-a-12-volt-charger/,content_interaction,phone_click,3,"Mar 8, 2025",Organic Search,google / organic,1,0
https://guildgolfcarts.com/can-you-bring-your-own-golf-cart-to-a-golf-course/,content_interaction,phone_click,7,"Jul 25, 2025",Organic Search,google / organic,2,
https://guildgolfcarts.com/classic-2-plus-golf-cart-for-sale/?gad_source=5&gclid=EAIaIQobChMIt9fLjNGajAMV5pHuAR1yOTC-EAAYASAAEgICu_D_BwE,form_interaction,form_submission,3,"Mar 21, 2025",Paid Search,google / cpc,1,0
https://guildgolfcarts.com/classic-2-plus-golf-cart-for-sale/?gad_source=5&gad_campaignid=22132725529&gclid=EAIaIQobChMIt5us5aqujQMVxBetBh0u6xg_EAAYASAAEgKMH_D_BwE,form_interaction,form_submission,5,"May 18, 2025",Paid Search,google / cpc,1,
https://guildgolfcarts.com/classic-2-plus-golf-cart-for-sale/?gad_source=1&gad_campaignid=22132725529&gclid=Cj0KCQjwsNnCBhDRARIsAEzia4CoIiNaYR4mTsWRUVbgtn39pHNlvylDy7dZ85EhrQUMhL-Io--oUcwaAuChEALw_wcB,form_interaction,form_submission,6,"Jun 21, 2025",Paid Search,google / cpc,1,
https://guildgolfcarts.com/contact-us/?gad_source=5&gad_campaignid=22132725529&gclid=EAIaIQobChMI_MrH_PvzkAMVtXR_AB0YXzmKEAAYAiABEgLFVPD_BwE,form_interaction,form_submission,11,"Nov 15, 2025",Paid Search,google / cpc,9,
https://guildgolfcarts.com/contact-us/,content_interaction,phone_click,3,"Mar 22, 2025",Organic Search,google / organic,1,0
https://guildgolfcarts.com/contact-us/?gad_source=5&gad_campaignid=22132725529&gclid=EAIaIQobChMI8vCD6JHjkgMV78zCBB3DBQiAEAAYASAEEgIXxvD_BwE,form_interaction,form_submission,2,"Feb 18, 2026",Paid Search,google / cpc,4,
https://guildgolfcarts.com/contact-us/,form_interaction,form_submission,3,"Mar 26, 2025",Organic Search,google / organic,3,0
https://guildgolfcarts.com/contact-us/,form_interaction,form_submission,4,"Apr 29, 2025",Organic Search,google / organic,3,
https://guildgolfcarts.com/contact-us/,form_interaction,form_submission,5,"May 20, 2025",Unassigned,(not set),3,
https://guildgolfcarts.com/contact-us/,form_interaction,form_submission,7,"Jul 17, 2025",Organic Search,bing / organic,3,
https://guildgolfcarts.com/contact-us/,form_interaction,form_submission,7,"Jul 27, 2025",Organic Search,google / organic,3,
https://guildgolfcarts.com/contact-us/,form_interaction,form_submission,8,"Aug 4, 2025",Organic Search,google / organic,3,
https://guildgolfcarts.com/contact-us/,form_interaction,form_submission,9,"Sep 12, 2025",Organic Search,google / organic,3,
https://guildgolfcarts.com/contact-us/,form_interaction,form_submission,9,"Sep 22, 2025",Paid Search,google / cpc,3,
https://guildgolfcarts.com/contact-us/,form_interaction,form_submission,2,"Feb 3, 2026",Organic Search,google / organic,3,
https://guildgolfcarts.com/contact-us/,form_interaction,form_submission,2,"Feb 7, 2026",Organic Search,bing / organic,3,
https://guildgolfcarts.com/contact-us/,content_interaction,phone_click,6,"Jun 27, 2025",Organic Search,google / organic,3,
https://guildgolfcarts.com/contact-us/,content_interaction,phone_click,8,"Aug 9, 2025",Organic Search,google / organic,3,
https://guildgolfcarts.com/contact-us/,form_interaction,form_submission,2,"Feb 11, 2025",Organic Search,google / organic,2,0
https://guildgolfcarts.com/contact-us/,form_interaction,form_submission,2,"Feb 13, 2025",Organic Search,google / organic,2,0
https://guildgolfcarts.com/contact-us/,form_interaction,form_submission,2,"Feb 18, 2025",Organic Search,google / organic,2,0
https://guildgolfcarts.com/contact-us/?gad_source=1&gbraid=0AAAAA-hiYqwdsE4QBXTh2M3vbV32EoIaa&gclid=EAIaIQobChMIit3kzPDLjAMV2ydECB2a0Bl1EAAYASAEEgJIzfD_BwE,form_interaction,form_submission,4,"Apr 9, 2025",Paid Search,google / cpc,2,0
https://guildgolfcarts.com/contact-us/,form_interaction,form_submission,4,"Apr 24, 2025",Organic Search,google / organic,2,
https://guildgolfcarts.com/contact-us/,form_interaction,form_submission,5,"May 2, 2025",Organic Search,bing / organic,2,
https://guildgolfcarts.com/contact-us/,form_interaction,form_submission,5,"May 21, 2025",Organic Search,google / organic,2,
https://guildgolfcarts.com/contact-us/,form_interaction,form_submission,5,"May 24, 2025",Direct,(direct) / (none),2,
https://guildgolfcarts.com/contact-us/,form_interaction,form_submission,6,"Jun 2, 2025",Paid Search,google / cpc,2,
https://guildgolfcarts.com/contact-us/,form_interaction,form_submission,6,"Jun 4, 2025",Organic Search,bing / organic,2,
https://guildgolfcarts.com/contact-us/,form_interaction,form_submission,6,"Jun 8, 2025",Paid Search,google / cpc,2,
https://guildgolfcarts.com/contact-us/,form_interaction,form_submission,6,"Jun 19, 2025",Organic Search,google / organic,2,
https://guildgolfcarts.com/contact-us/,form_interaction,form_submission,6,"Jun 26, 2025",Organic Search,google / organic,2,
https://guildgolfcarts.com/contact-us/,form_interaction,form_submission,6,"Jun 29, 2025",Organic Search,bing / organic,2,
https://guildgolfcarts.com/contact-us/,form_interaction,form_submission,7,"Jul 11, 2025",Direct,(direct) / (none),2,
https://guildgolfcarts.com/contact-us/,form_interaction,form_submission,7,"Jul 28, 2025",Organic Search,google / organic,2,
https://guildgolfcarts.com/contact-us/,form_interaction,form_submission,8,"Aug 2, 2025",Direct,(direct) / (none),2,
https://guildgolfcarts.com/contact-us/,form_interaction,form_submission,8,"Aug 12, 2025",Direct,(direct) / (none),2,
https://guildgolfcarts.com/contact-us/,form_interaction,form_submission,8,"Aug 12, 2025",Organic Search,google / organic,2,
https://guildgolfcarts.com/contact-us/,form_interaction,form_submission,8,"Aug 12, 2025",Unassigned,(not set),2,
https://guildgolfcarts.com/contact-us/,form_interaction,form_submission,8,"Aug 15, 2025",Direct,(direct) / (none),2,
https://guildgolfcarts.com/contact-us/,form_interaction,form_submission,8,"Aug 30, 2025",Organic Search,google / organic,2,
https://guildgolfcarts.com/contact-us/,form_interaction,form_submission,9,"Sep 9, 2025",Organic Search,google / organic,2,
https://guildgolfcarts.com/contact-us/,form_interaction,form_submission,9,"Sep 10, 2025",Paid Search,google / cpc,2,
https://guildgolfcarts.com/contact-us/,form_interaction,form_submission,10,"Oct 13, 2025",Organic Search,google / organic,2,
https://guildgolfcarts.com/contact-us/,form_interaction,form_submission,10,"Oct 16, 2025",Organic Search,google / organic,2,
https://guildgolfcarts.com/contact-us/,form_interaction,form_submission,11,"Nov 6, 2025",Organic Search,google / organic,2,
https://guildgolfcarts.com/contact-us/,form_interaction,form_submission,11,"Nov 19, 2025",Organic Search,google / organic,2,
https://guildgolfcarts.com/contact-us/,form_interaction,form_submission,12,"Dec 30, 2025",Organic Search,bing / organic,2,
https://guildgolfcarts.com/contact-us/,form_interaction,form_submission,1,"Jan 2, 2026",Organic Search,google / organic,2,
https://guildgolfcarts.com/contact-us/,form_interaction,form_submission,1,"Jan 23, 2026",Direct,(direct) / (none),2,
https://guildgolfcarts.com/contact-us/,form_interaction,form_submission,2,"Feb 6, 2026",Direct,(direct) / (none),2,
https://guildgolfcarts.com/contact-us/,form_interaction,form_submission,2,"Feb 19, 2026",Paid Search,google / cpc,2,
https://guildgolfcarts.com/contact-us/,form_interaction,form_submission,3,"Mar 3, 2026",Organic Search,google / organic,2,
https://guildgolfcarts.com/contact-us/,form_interaction,form_submission,3,"Mar 7, 2026",Organic Search,google / organic,2,
https://guildgolfcarts.com/contact-us/,form_interaction,form_submission,3,"Mar 9, 2026",Organic Search,google / organic,2,
https://guildgolfcarts.com/contact-us/,content_interaction,phone_click,8,"Aug 4, 2025",Organic Search,google / organic,2,
https://guildgolfcarts.com/contact-us/,form_interaction,form_submission,2,"Feb 17, 2025",Direct,(direct) / (none),1,0
https://guildgolfcarts.com/contact-us/,form_interaction,form_submission,2,"Feb 19, 2025",Paid Search,google / cpc,1,0
https://guildgolfcarts.com/contact-us/,form_interaction,form_submission,3,"Mar 13, 2025",Direct,(direct) / (none),1,0
https://guildgolfcarts.com/contact-us/,form_interaction,form_submission,3,"Mar 13, 2025",Organic Search,google / organic,1,0
https://guildgolfcarts.com/contact-us/,form_interaction,form_submission,3,"Mar 19, 2025",Direct,(direct) / (none),1,0
https://guildgolfcarts.com/contact-us/,form_interaction,form_submission,4,"Apr 2, 2025",Organic Search,google / organic,1,0
https://guildgolfcarts.com/contact-us/,form_interaction,form_submission,4,"Apr 6, 2025",Direct,(direct) / (none),1,0
https://guildgolfcarts.com/contact-us/,form_interaction,form_submission,4,"Apr 25, 2025",Organic Search,google / organic,1,
https://guildgolfcarts.com/contact-us/,form_interaction,form_submission,5,"May 6, 2025",Organic Search,google / organic,1,
https://guildgolfcarts.com/contact-us/,form_interaction,form_submission,5,"May 10, 2025",Paid Search,google / cpc,1,
https://guildgolfcarts.com/contact-us/,form_interaction,form_submission,5,"May 23, 2025",Organic Shopping,google / organic,1,
https://guildgolfcarts.com/contact-us/,form_interaction,form_submission,5,"May 25, 2025",Direct,(direct) / (none),1,
https://guildgolfcarts.com/contact-us/,form_interaction,form_submission,5,"May 28, 2025",Organic Search,google / organic,1,
https://guildgolfcarts.com/contact-us/,form_interaction,form_submission,6,"Jun 3, 2025",Organic Search,google / organic,1,
https://guildgolfcarts.com/contact-us/,form_interaction,form_submission,6,"Jun 6, 2025",Organic Search,google / organic,1,
https://guildgolfcarts.com/contact-us/?srsltid=ChAI8K%2BfwgYQrNj1iNP3guVQElEAuB0Vdra7jDAaVe7xd6Li1XmtGmc6YFD7b5XHpVRSRlUTgI2uQlzR1njOb%2FkuI2FLWyXZP%2BuG4xPNhFuAKiXbnbH%2Bmr686WfBfEomgIi4QXUaArKC,form_interaction,form_submission,6,"Jun 10, 2025",Organic Search,google / organic,1,
https://guildgolfcarts.com/contact-us/,form_interaction,form_submission,6,"Jun 22, 2025",Referral,webfx.com / referral,1,
https://guildgolfcarts.com/contact-us/,form_interaction,form_submission,6,"Jun 24, 2025",Paid Search,google / cpc,1,
https://guildgolfcarts.com/contact-us/,form_interaction,form_submission,6,"Jun 27, 2025",Organic Search,google / organic,1,
https://guildgolfcarts.com/contact-us/,form_interaction,form_submission,7,"Jul 1, 2025",Organic Search,google / organic,1,
https://guildgolfcarts.com/contact-us/,form_interaction,form_submission,7,"Jul 6, 2025",Direct,(direct) / (none),1,
https://guildgolfcarts.com/contact-us/,form_interaction,form_submission,7,"Jul 7, 2025",Organic Search,google / organic,1,
https://guildgolfcarts.com/contact-us/,form_interaction,form_submission,7,"Jul 18, 2025",Organic Search,google / organic,1,
https://guildgolfcarts.com/contact-us/,form_interaction,form_submission,7,"Jul 21, 2025",Organic Search,google / organic,1,
https://guildgolfcarts.com/contact-us/,form_interaction,form_submission,8,"Aug 15, 2025",Organic Search,google / organic,1,
https://guildgolfcarts.com/contact-us/,form_interaction,form_submission,8,"Aug 17, 2025",Organic Search,google / organic,1,
https://guildgolfcarts.com/contact-us/,form_interaction,form_submission,8,"Aug 24, 2025",Organic Search,bing / organic,1,
https://guildgolfcarts.com/contact-us/?gad_source=5&gad_campaignid=22132725529&gclid=EAIaIQobChMIgZv_9cSojwMVjTWtBh2BuT0oEAAYAiABEgLBJvD_BwE,form_interaction,form_submission,8,"Aug 26, 2025",Paid Search,google / cpc,1,
https://guildgolfcarts.com/contact-us/,form_interaction,form_submission,8,"Aug 30, 2025",Direct,(direct) / (none),1,
https://guildgolfcarts.com/contact-us/,form_interaction,form_submission,9,"Sep 4, 2025",Organic Search,google / organic,1,
https://guildgolfcarts.com/contact-us/,form_interaction,form_submission,9,"Sep 24, 2025",Direct,(direct) / (none),1,
https://guildgolfcarts.com/contact-us/,form_interaction,form_submission,9,"Sep 26, 2025",Organic Search,bing / organic,1,
https://guildgolfcarts.com/contact-us/,form_interaction,form_submission,9,"Sep 27, 2025",Organic Search,duckduckgo / organic,1,
https://guildgolfcarts.com/contact-us/,form_interaction,form_submission,10,"Oct 10, 2025",Organic Search,google / organic,1,
https://guildgolfcarts.com/contact-us/,form_interaction,form_submission,10,"Oct 11, 2025",Paid Search,google / cpc,1,
https://guildgolfcarts.com/contact-us/?gad_source=5&gad_campaignid=22132725529&gclid=EAIaIQobChMIn96AzOedkAMVdi5ECB2LvS5fEAAYASABEgLf9_D_BwE,form_interaction,form_submission,10,"Oct 11, 2025",Paid Search,google / cpc,1,
https://guildgolfcarts.com/contact-us/,form_interaction,form_submission,10,"Oct 12, 2025",Direct,(direct) / (none),1,
https://guildgolfcarts.com/contact-us/,form_interaction,form_submission,10,"Oct 15, 2025",Organic Search,bing / organic,1,
https://guildgolfcarts.com/contact-us/,session_start,form_submission,10,"Oct 16, 2025",Organic Search,google / organic,1,
https://guildgolfcarts.com/contact-us/?gad_source=5&gad_campaignid=22132725529&gclid=EAIaIQobChMIgdimqfO7kAMVqmlHAR3TPiRSEAAYASABEgIiqfD_BwE,form_interaction,form_submission,10,"Oct 23, 2025",Paid Search,google / cpc,1,
https://guildgolfcarts.com/contact-us/,form_interaction,form_submission,11,"Nov 3, 2025",Organic Search,google / organic,1,
https://guildgolfcarts.com/contact-us/?gad_source=5&gad_campaignid=22132725529&gclid=EAIaIQobChMItZjqms7akAMVnydECB17AQ2YEAAYAyABEgKpHvD_BwE,form_interaction,form_submission,11,"Nov 5, 2025",Paid Search,google / cpc,1,
https://guildgolfcarts.com/contact-us/?gad_source=5&gad_campaignid=22132725529&gclid=EAIaIQobChMIpIPMrajukAMV_mFHAR1lHgdjEAAYASABEgL5zPD_BwE,form_interaction,form_submission,11,"Nov 12, 2025",Paid Search,google / cpc,1,
https://guildgolfcarts.com/contact-us/,form_interaction,form_submission,11,"Nov 17, 2025",Paid Search,google / cpc,1,
https://guildgolfcarts.com/contact-us/,session_start,form_submission,11,"Nov 17, 2025",Paid Search,google / cpc,1,
https://guildgolfcarts.com/contact-us/?gad_source=5&gad_campaignid=22132725529&gclid=EAIaIQobChMIxIyIxrn7kAMVAEL_AR2DNDiAEAAYASABEgLcePD_BwE,form_interaction,form_submission,11,"Nov 18, 2025",Paid Search,google / cpc,1,
https://guildgolfcarts.com/contact-us/,form_interaction,form_submission,12,"Dec 2, 2025",Organic Search,google / organic,1,
https://guildgolfcarts.com/contact-us/,form_interaction,form_submission,12,"Dec 4, 2025",Organic Search,google / organic,1,
https://guildgolfcarts.com/contact-us/,form_interaction,form_submission,12,"Dec 4, 2025",Organic Search,yahoo / organic,1,
https://guildgolfcarts.com/contact-us/?gad_source=1&gad_campaignid=22192342059&gbraid=0AAAAA-hiYqy4in7S2Qr-XrcXrDfAtG4Dk&gclid=Cj0KCQiAgP_JBhD-ARIsANpEMxzM5lLW1GEq4z3YGVZzjLI8LaNAf4vvLf-UBTl6HUkDkUxeew0nFk0aAumqEALw_wcB,form_interaction,form_submission,12,"Dec 15, 2025",Paid Search,google / cpc,1,
https://guildgolfcarts.com/contact-us/,form_interaction,form_submission,12,"Dec 16, 2025",Organic Search,google / organic,1,
https://guildgolfcarts.com/contact-us/,form_interaction,form_submission,12,"Dec 23, 2025",Organic Search,google / organic,1,
https://guildgolfcarts.com/contact-us/,form_interaction,form_submission,12,"Dec 24, 2025",Paid Search,google / cpc,1,
https://guildgolfcarts.com/contact-us/,form_interaction,form_submission,1,"Jan 7, 2026",Organic Search,google / organic,1,
https://guildgolfcarts.com/contact-us/,form_interaction,form_submission,1,"Jan 8, 2026",Paid Search,google / cpc,1,
https://guildgolfcarts.com/contact-us/,form_interaction,form_submission,1,"Jan 11, 2026",Organic Search,bing / organic,1,
https://guildgolfcarts.com/contact-us/,form_interaction,form_submission,1,"Jan 11, 2026",Paid Search,google / cpc,1,
https://guildgolfcarts.com/contact-us/,form_interaction,form_submission,1,"Jan 28, 2026",Organic Search,google / organic,1,
https://guildgolfcarts.com/contact-us/,form_interaction,form_submission,2,"Feb 2, 2026",Organic Search,google / organic,1,
https://guildgolfcarts.com/contact-us/,form_interaction,form_submission,2,"Feb 10, 2026",Organic Search,duckduckgo / organic,1,
https://guildgolfcarts.com/contact-us/,form_interaction,form_submission,2,"Feb 19, 2026",Organic Search,google / organic,1,
https://guildgolfcarts.com/contact-us/,form_interaction,form_submission,2,"Feb 22, 2026",Organic Search,google / organic,1,
https://guildgolfcarts.com/contact-us/,form_interaction,form_submission,3,"Mar 6, 2026",Organic Search,google / organic,1,
https://guildgolfcarts.com/contact-us/,form_interaction,form_submission,3,"Mar 11, 2026",Organic Search,google / organic,1,
https://guildgolfcarts.com/contact-us/,form_interaction,form_submission,3,"Mar 19, 2026",Organic Search,bing / organic,1,
https://guildgolfcarts.com/contact-us/,form_interaction,form_submission,3,"Mar 19, 2026",Organic Search,google / organic,1,
https://guildgolfcarts.com/contact-us/,form_interaction,form_submission,4,"Apr 6, 2026",Organic Search,google / organic,1,
https://guildgolfcarts.com/contact-us/?srsltid=ChEI8NbSzgYQhaTMieenss2zARJRAL5FCH2S5nUe%2FT2q9Fo8nVQmjVNcFaoG0V5pDO2jwQ3kffSruRLUILY7M7Tudc1ebXLYCStACYaSIt5FYhT%2FmEREv45hKEv%2FKia6H5DxUTpFGgKXWA%3D%3D,form_interaction,form_submission,4,"Apr 7, 2026",Organic Search,google / organic,1,
https://guildgolfcarts.com/contact-us/?gad_source=1&gbraid=0AAAAA-hiYqzULt_B77xoQLku4S3Xq2ZPN&gclid=EAIaIQobChMIn-aplvbViwMVkDKtBh0dCy_pEAAYASADEgKL5PD_BwE,content_interaction,phone_click,2,"Feb 21, 2025",Paid Search,google / cpc,1,0
https://guildgolfcarts.com/contact-us/,content_interaction,phone_click,3,"Mar 3, 2025",Direct,(direct) / (none),1,0
https://guildgolfcarts.com/contact-us/,content_interaction,phone_click,3,"Mar 6, 2025",Organic Search,google / organic,1,0
https://guildgolfcarts.com/contact-us/,content_interaction,phone_click,3,"Mar 7, 2025",Organic Search,google / organic,1,0
https://guildgolfcarts.com/contact-us/,content_interaction,phone_click,3,"Mar 10, 2025",Organic Search,google / organic,1,0
https://guildgolfcarts.com/contact-us/,content_interaction,phone_click,3,"Mar 12, 2025",Direct,(direct) / (none),1,0
https://guildgolfcarts.com/contact-us/,content_interaction,phone_click,3,"Mar 19, 2025",Paid Search,google / cpc,1,0
https://guildgolfcarts.com/contact-us/,content_interaction,phone_click,4,"Apr 2, 2026",Organic Search,google / organic,1,
https://guildgolfcarts.com/contact-us/?gad_source=1&gbraid=0AAAAA-hiYqw_uoR1dpoAw-MoNObiXsSiK&gclid=Cj0KCQjwqIm_BhDnARIsAKBYcmsRqf1u8hAI6HObD_blBEfT-w7Q13vj6TVUlWHrz9PA2bt3pp73Wl8aAowaEALw_wcB,content_interaction,phone_click,3,"Mar 25, 2025",Paid Search,google / cpc,1,0
https://guildgolfcarts.com/contact-us/?gad_source=1&gbraid=0AAAAA-hiYqzTbx1htSmY6474BgpvuIIk4&gclid=EAIaIQobChMIteXO9ZyojAMVcSKtBh2h3wc8EAAYASADEgJDCvD_BwE,content_interaction,phone_click,3,"Mar 26, 2025",Paid Search,google / cpc,1,0
https://guildgolfcarts.com/contact-us/?gad_source=1&gbraid=0AAAAA-hiYqwxl7_kfhN1CKdbzP3nRnr9o&gclid=CjwKCAjwktO_BhBrEiwAV70jXscb_L4N9xwuJVTNsctMRRbqEzAOi6MBh3Rbyk2RZKTEFqFuFaa8JxoCFycQAvD_BwE,content_interaction,phone_click,4,"Apr 15, 2025",Paid Search,google / cpc,1,
https://guildgolfcarts.com/contact-us/,content_interaction,phone_click,5,"May 6, 2025",Direct,(direct) / (none),1,
https://guildgolfcarts.com/contact-us/,content_interaction,phone_click,5,"May 9, 2025",Organic Search,google / organic,1,
https://guildgolfcarts.com/contact-us/,content_interaction,phone_click,5,"May 19, 2025",Organic Search,google / organic,1,
https://guildgolfcarts.com/contact-us/,content_interaction,phone_click,5,"May 29, 2025",Organic Search,google / organic,1,
https://guildgolfcarts.com/contact-us/,content_interaction,phone_click,6,"Jun 6, 2025",Organic Search,google / organic,1,
https://guildgolfcarts.com/contact-us/,content_interaction,phone_click,6,"Jun 10, 2025",Organic Shopping,google / organic,1,
https://guildgolfcarts.com/contact-us/,content_interaction,phone_click,6,"Jun 13, 2025",Organic Search,google / organic,1,
https://guildgolfcarts.com/contact-us/,content_interaction,phone_click,6,"Jun 23, 2025",Direct,(direct) / (none),1,
https://guildgolfcarts.com/contact-us/,content_interaction,phone_click,7,"Jul 14, 2025",Direct,(direct) / (none),1,
https://guildgolfcarts.com/contact-us/,content_interaction,phone_click,7,"Jul 15, 2025",Organic Search,google / organic,1,
https://guildgolfcarts.com/contact-us/,content_interaction,phone_click,7,"Jul 21, 2025",Organic Search,google / organic,1,
https://guildgolfcarts.com/contact-us/,content_interaction,phone_click,7,"Jul 23, 2025",Organic Search,google / organic,1,
https://guildgolfcarts.com/contact-us/,content_interaction,phone_click,7,"Jul 29, 2025",Paid Search,google / cpc,1,
https://guildgolfcarts.com/contact-us/,content_interaction,phone_click,8,"Aug 9, 2025",Direct,(direct) / (none),1,
https://guildgolfcarts.com/contact-us/,content_interaction,phone_click,8,"Aug 25, 2025",Organic Search,google / organic,1,
https://guildgolfcarts.com/contact-us/,content_interaction,phone_click,8,"Aug 27, 2025",Organic Search,duckduckgo / organic,1,
https://guildgolfcarts.com/contact-us/?gad_source=1&gad_campaignid=22192342059&gclid=CjwKCAjw2brFBhBOEiwAVJX5GOhkObnXj21CKS4LY5blDBEABHFuOh27rQ6yIBC60LJB2XPm8yMgFxoC7NQQAvD_BwE,content_interaction,phone_click,8,"Aug 27, 2025",Paid Search,google / cpc,1,
https://guildgolfcarts.com/contact-us/,content_interaction,phone_click,9,"Sep 5, 2025",Direct,(direct) / (none),1,
https://guildgolfcarts.com/contact-us/,content_interaction,phone_click,9,"Sep 12, 2025",Organic Search,google / organic,1,
https://guildgolfcarts.com/contact-us/?gad_source=1&gad_campaignid=22132725529&gbraid=0AAAAA-hiYqzX-qu9pgf29Fo6bkWWsZTrE&gclid=CjwKCAjwlaTGBhANEiwAoRgXBf8Uk4bmecSXP8_TnZK73j_MMy-tNLt6CZ20--dRIFTuo8eD7bBlUBoCZFwQAvD_BwE,content_interaction,phone_click,9,"Sep 16, 2025",Paid Search,google / cpc,1,
https://guildgolfcarts.com/contact-us/,content_interaction,phone_click,10,"Oct 20, 2025",Organic Search,google / organic,1,
https://guildgolfcarts.com/contact-us/?gad_source=1&gad_campaignid=22132725529&gclid=Cj0KCQjwvJHIBhCgARIsAEQnWlBEfDOK0Sj30zvP6vSdBTsQzYoyUAy79Sx7LM_CGreBHjtOODoR_VgaAtcaEALw_wcB,content_interaction,phone_click,10,"Oct 31, 2025",Paid Search,google / cpc,1,
https://guildgolfcarts.com/contact-us/,content_interaction,phone_click,11,"Nov 21, 2025",Organic Search,google / organic,1,
https://guildgolfcarts.com/contact-us/?gad_source=1&gad_campaignid=22198841906&gbraid=0AAAAA-hiYqwJCoXUh_r-d2-aB-PvvxE31&gclid=CjwKCAiA3L_JBhAlEiwAlcWO5597adkFxBflXPIOCnZwfIwKjpSr-wddemvpMXCy5KOLvmWxMgjcGRoClgIQAvD_BwE,content_interaction,phone_click,12,"Dec 3, 2025",Paid Search,google / cpc,1,
https://guildgolfcarts.com/contact-us/?gad_source=1&gad_campaignid=22198841906&gclid=Cj0KCQiApL7KBhC7ARIsAD2Xq3ACrOvTfHyKDubw3vwv-bqZoyn9D_vuYa96sOuSijL7WwaD3L7uWq4aAvZCEALw_wcB,content_interaction,phone_click,12,"Dec 27, 2025",Paid Search,google / cpc,1,
https://guildgolfcarts.com/contact-us/?gad_source=1&gad_campaignid=22132725529&gbraid=0AAAAA-hiYqxKEK_nJYfLbKHjV1w_fjEP-&gclid=EAIaIQobChMIqbvd643wkQMV2yitBh17riycEAAYASACEgJ50vD_BwE,content_interaction,phone_click,1,"Jan 3, 2026",Paid Search,google / cpc,1,
https://guildgolfcarts.com/contact-us/,content_interaction,phone_click,1,"Jan 23, 2026",Organic Search,bing / organic,1,
https://guildgolfcarts.com/contact-us/?gad_source=5&gad_campaignid=22132725529&gclid=EAIaIQobChMI0Nv_g6ilkgMVRiBECB1MKjwrEAAYASAAEgIFL_D_BwE,content_interaction,phone_click,1,"Jan 24, 2026",Paid Search,google / cpc,1,
https://guildgolfcarts.com/contact-us/?gad_source=5&gad_campaignid=22132725529&gclid=EAIaIQobChMI2ZKxtra7kgMVOyRECB3DgzxlEAAYASAEEgLj6_D_BwE,content_interaction,phone_click,2,"Feb 2, 2026",Paid Search,google / cpc,1,
https://guildgolfcarts.com/contact-us/,content_interaction,phone_click,2,"Feb 6, 2026",Direct,(direct) / (none),1,
https://guildgolfcarts.com/contact-us/,content_interaction,phone_click,2,"Feb 10, 2026",Paid Search,google / cpc,1,
https://guildgolfcarts.com/contact-us/,content_interaction,phone_click,2,"Feb 23, 2026",Direct,(direct) / (none),1,
https://guildgolfcarts.com/contact-us/,content_interaction,phone_click,3,"Mar 11, 2026",Organic Search,yahoo / organic,1,
https://guildgolfcarts.com/contact-us/,form_interaction,form_submission,3,"Mar 17, 2025",Organic Search,google / organic,7,0
https://guildgolfcarts.com/contact-us/?gad_source=1&gad_campaignid=22132725529&gclid=CjwKCAjwpMTCBhA-EiwA_-MsmVHSQovKO47CDhSmDL_eiTpX48DoNj55TgHSM_gIP9KaC6-H85WIixoC7k4QAvD_BwE,content_interaction,phone_click,6,"Jun 17, 2025",Paid Search,google / cpc,1,
https://guildgolfcarts.com/contact-us/?gad_source=1&gad_campaignid=22132725529&gbraid=0AAAAA-hiYqy-Hos3zoB5EWi4POX4Q5qBq&gclid=EAIaIQobChMIovKm-N6KjgMV-iStBh1PbCrhEAAYASACEgL3HPD_BwE,content_interaction,phone_click,6,"Jun 24, 2025",Paid Search,google / cpc,1,
https://guildgolfcarts.com/contact-us/?gad_source=1&gad_campaignid=22198791563&gbraid=0AAAAA-hiYqyUvOhDJSG4PiVoxiQk1fMdn&gclid=Cj0KCQjw0qTCBhCmARIsAAj8C4bHnAYPUmR0zsplP-MM3_Mq079VfQ62kMe3d53GgG5WQsKSMzO5kk4aAiLqEALw_wcB,content_interaction,phone_click,6,"Jun 11, 2025",Paid Search,google / cpc,2,
https://guildgolfcarts.com/contact-us/?gad_source=1&gad_campaignid=22198791563&gclid=CjwKCAjwyb3DBhBlEiwAqZLe5CA1nygO0-fkoIA3wEIRu0Ya-aoXFhrYWr6eUN3gq21OYf_49hcB4BoCE3sQAvD_BwE,form_interaction,form_submission,7,"Jul 10, 2025",Paid Search,google / cpc,1,
https://guildgolfcarts.com/contact-us/?gad_source=1&gad_campaignid=22198791563&gclid=CjwKCAjwyb3DBhBlEiwAqZLe5CA1nygO0-fkoIA3wEIRu0Ya-aoXFhrYWr6eUN3gq21OYf_49hcB4BoCE3sQAvD_BwE,session_start,form_submission,7,"Jul 10, 2025",Paid Search,google / cpc,1,
https://guildgolfcarts.com/contact-us/?gad_source=1&gad_campaignid=22198791563&gclid=Cj0KCQjwxo_CBhDbARIsADWpDH7-HZIsIIfGck_5csiYRnG6-5X64wFnAsFhaEGF8m3L8Uv1mhL399MaApQ0EALw_wcB,content_interaction,phone_click,6,"Jun 7, 2025",Paid Search,google / cpc,1,
https://guildgolfcarts.com/contact-us/?gad_source=1&gad_campaignid=22198841906&gclid=CjwKCAjw_pDBBhBMEiwAmY02NtKNVWz1AdpZRjN0dooM1OoWqMNzuiz3BxS8Gw28BbYWoXrjzp4-9BoChF8QAvD_BwE,content_interaction,phone_click,5,"May 14, 2025",Paid Search,google / cpc,1,
https://guildgolfcarts.com/custom-golf-carts-available-in-las-vegas-nv/?srsltid=ChAI8MOExgYQ9r%2B7h5DUu7UUElEAkSGemdtFL1WHixWWRfCqFaxiLiWeXVMcJ0u%2FT8ExEWZ8VXPELUvnAtNZ6UFQA80Pi%2BqM4b3hLyS%2BTJ80wqAnOTiqLIAH784UsPjBVSPqrk8aAlgS,content_interaction,phone_click,9,"Sep 10, 2025",Organic Search,google / organic,1,
https://guildgolfcarts.com/custom-golf-carts-available-in-las-vegas-nv/?gad_source=1&gad_campaignid=22192342059&gclid=Cj0KCQjwj47OBhCmARIsAF5wUEE4thjqdC3JgueA0cKkUESvdnVQQkEIeQITHgG37o11rHNrzhYasuMaAq5KEALw_wcB,content_interaction,phone_click,3,"Mar 25, 2026",Paid Search,google / cpc,1,
https://guildgolfcarts.com/d5-ranger-4-golf-cart-financing/?gad_source=5&gad_campaignid=22132725529&gclid=EAIaIQobChMIp_2B0svjjwMV05DuAR0y9CpJEAAYASAAEgIuK_D_BwE,form_interaction,form_submission,9,"Sep 18, 2025",Paid Search,google / cpc,1,
https://guildgolfcarts.com/d5-ranger-4-golf-cart-financing/?gad_source=5&gad_campaignid=22132725529&gclid=EAIaIQobChMI-Lz444DwjwMVAM7CBB0WeB4OEAAYASAAEgITJ_D_BwE,form_interaction,form_submission,9,"Sep 23, 2025",Paid Search,google / cpc,1,
https://guildgolfcarts.com/d5-ranger-4-golf-cart-financing/?gad_source=5&gad_campaignid=22132725529&gclid=EAIaIQobChMIud2gg4yykAMVtxqtBh3eJRgEEAAYASAAEgKnMPD_BwE,form_interaction,form_submission,10,"Oct 19, 2025",Paid Search,google / cpc,1,
https://guildgolfcarts.com/d5-ranger-4-golf-cart-financing/?gad_source=5&gad_campaignid=22132725529&gclid=EAIaIQobChMIqOfbl-3SkAMVEiFECB1FZCobEAAYASAAEgLty_D_BwE,form_interaction,form_submission,11,"Nov 1, 2025",Paid Search,google / cpc,1,
https://guildgolfcarts.com/d5-ranger-4-golf-cart-financing/?gad_source=1&gad_campaignid=22132725529&gbraid=0AAAAA-hiYqyHJQbNDTLHCrB-ja6cUsilg&gclid=EAIaIQobChMI6LbTxrrykAMVKdDCBB3G9h_5EAAYASAAEgKxaPD_BwE,form_interaction,form_submission,11,"Nov 14, 2025",Paid Search,google / cpc,1,
https://guildgolfcarts.com/d5-ranger-4-golf-cart-financing/?gad_source=5&gad_campaignid=22132725529&gclid=EAIaIQobChMIwe-fpNrgjwMVJdbCBB33aD3DEAAYASAAEgJlEPD_BwE,content_interaction,phone_click,9,"Sep 17, 2025",Paid Search,google / cpc,1,
https://guildgolfcarts.com/denago-golf-carts-enclosure/?gad_source=5&gad_campaignid=23323436126&gclid=EAIaIQobChMIqLb_ncOqkwMVQZM6BR1BNjrYEAEYASAAEgJR_vD_BwE,content_interaction,phone_click,3,"Mar 18, 2026",Display,google / cpc,5,
https://guildgolfcarts.com/denago-golf-carts-enclosure/?gad_source=5&gad_campaignid=23323436126&gclid=EAIaIQobChMIzsfkvMqqkwMVoIU6BR381gjYEAEYASAAEgLLO_D_BwE,content_interaction,phone_click,3,"Mar 18, 2026",Display,google / cpc,5,
https://guildgolfcarts.com/denago-golf-carts-enclosure/?gad_source=5&gad_campaignid=23323436126&gclid=EAIaIQobChMIm5q06IqbkwMVwk8tBB116AJ3EAEYASAAEgJJCvD_BwE,form_interaction,form_submission,3,"Mar 12, 2026",Display,google / cpc,4,
https://guildgolfcarts.com/denago-golf-carts-enclosure/?gad_source=5&gad_campaignid=23323436126&gclid=EAIaIQobChMIgrahlPD3kgMVrpE6BR3zcRSSEAEYASAAEgKmoPD_BwE,content_interaction,phone_click,2,"Feb 26, 2026",Display,google / cpc,4,
https://guildgolfcarts.com/denago-golf-carts-enclosure/?gad_source=5&gad_campaignid=23323436126&gclid=EAIaIQobChMI3K3jv-yBkwMVdYY6BR0w2DnNEAEYASAAEgIKbvD_BwE,form_interaction,form_submission,3,"Mar 2, 2026",Display,google / cpc,2,
https://guildgolfcarts.com/denago-golf-carts-enclosure/?gad_source=5&gad_campaignid=23323436126&gclid=EAIaIQobChMIzaWr3e2dkwMVfDdECB2jghIkEAEYASAAEgJyLvD_BwE,content_interaction,phone_click,3,"Mar 13, 2026",Display,google / cpc,2,
https://guildgolfcarts.com/denago-golf-carts-enclosure/?gad_source=5&gad_campaignid=23323436126&gclid=EAIaIQobChMI04OqjqH1kgMV_5R_BB3xXRkHEAEYASAAEgKERvD_BwE,form_interaction,form_submission,2,"Feb 25, 2026",Display,google / cpc,1,
https://guildgolfcarts.com/denago-golf-carts-enclosure/?gad_source=5&gad_campaignid=23323436126&gclid=EAIaIQobChMIybuzxsX6kgMVMas6BR3G4wkeEAEYASAAEgJYK_D_BwE,form_interaction,form_submission,2,"Feb 27, 2026",Display,google / cpc,1,
https://guildgolfcarts.com/denago-golf-carts-enclosure/?gad_source=5&gad_campaignid=23323436126&gclid=EAIaIQobChMIndWuoJiRkwMVLqs6BR286zt_EAEYASAAEgLvLvD_BwE,form_interaction,form_submission,3,"Mar 8, 2026",Display,google / cpc,1,
https://guildgolfcarts.com/denago-golf-carts-enclosure/?gad_source=5&gad_campaignid=23323436126&gclid=EAIaIQobChMIgr64iYO0kwMVC1YIBB0eyyiqEAEYASAAEgLxbfD_BwE,form_interaction,form_submission,3,"Mar 22, 2026",Display,google / cpc,1,
https://guildgolfcarts.com/denago-golf-carts-enclosure/?gad_source=5&gad_campaignid=23323436126&gclid=EAIaIQobChMIybuzxsX6kgMVMas6BR3G4wkeEAEYASAAEgJYK_D_BwE,content_interaction,phone_click,2,"Feb 27, 2026",Display,google / cpc,1,
https://guildgolfcarts.com/denago-golf-carts-enclosure/?gad_source=5&gad_campaignid=23323436126&gclid=EAIaIQobChMI7fra_b__kgMVdD-sAB2XzylGEAEYASAAEgKVsfD_BwE,content_interaction,phone_click,3,"Mar 1, 2026",Display,google / cpc,1,
https://guildgolfcarts.com/denago-golf-carts-enclosure/?gad_source=5&gad_campaignid=23323436126&gclid=EAIaIQobChMI3K3jv-yBkwMVdYY6BR0w2DnNEAEYASAAEgIKbvD_BwE,content_interaction,phone_click,3,"Mar 2, 2026",Display,google / cpc,1,
https://guildgolfcarts.com/denago-golf-carts-enclosure/?gad_source=5&gad_campaignid=23323436126&gclid=EAIaIQobChMIusK4wIeCkwMVt4U6BR2o0TguEAEYASAAEgJD-_D_BwE,content_interaction,phone_click,3,"Mar 2, 2026",Display,google / cpc,1,
https://guildgolfcarts.com/denago-golf-carts-enclosure/?gad_source=5&gad_campaignid=23323436126&gclid=EAIaIQobChMIhdbu39adkwMVEACkBh3x9AFFEAEYASAAEgK0Z_D_BwE,content_interaction,phone_click,3,"Mar 13, 2026",Display,google / cpc,1,
https://guildgolfcarts.com/denago-golf-carts-enclosure/?gad_source=5&gad_campaignid=23323436126&gclid=EAIaIQobChMIg5eijN-qkwMVQqBTAR39fAnUEAEYASAAEgKU8vD_BwE,content_interaction,phone_click,3,"Mar 18, 2026",Display,google / cpc,1,
https://guildgolfcarts.com/denago-golf-carts-enclosure/?gad_source=5&gad_campaignid=23323436126&gclid=EAIaIQobChMI7f3VpIevkwMV_4U6BR1MoAQrEAEYASAAEgL7IvD_BwE,content_interaction,phone_click,3,"Mar 20, 2026",Display,google / cpc,1,
https://guildgolfcarts.com/denago-golf-carts-enclosure/?gad_source=5&gad_campaignid=23323436126&gclid=EAIaIQobChMIxreN-PeukwMV5Kw6BR0OpTvrEAEYASAAEgKWd_D_BwE,content_interaction,phone_click,3,"Mar 20, 2026",Display,google / cpc,1,
https://guildgolfcarts.com/denago-golf-carts-enclosures/?gad_source=5&gad_campaignid=23323436126&gclid=EAIaIQobChMIgtq4s-rUkwMVyoxaBR0sBz2-EAEYASAAEgLa2PD_BwE,form_interaction,form_submission,4,"Apr 4, 2026",Display,google / cpc,5,
https://guildgolfcarts.com/denago-golf-carts-enclosures/?gad_source=5&gad_campaignid=23323436126&gclid=EAIaIQobChMIxqT51MrNkwMVMDRECB19BRdzEAEYASAAEgI76fD_BwE,form_interaction,form_submission,4,"Apr 1, 2026",Display,google / cpc,2,
https://guildgolfcarts.com/denago-golf-carts-enclosures/?gad_source=5&gad_campaignid=23323436126&gclid=EAIaIQobChMI29jjqPjPkwMVp4t_BB09NgyWEAEYASAAEgLDLfD_BwE,form_interaction,form_submission,4,"Apr 2, 2026",Display,google / cpc,1,
https://guildgolfcarts.com/denago-golf-carts-enclosures/?gad_source=5&gad_campaignid=23323436126&gclid=EAIaIQobChMIjcW-7qnSkwMV2v0oBR2zFB63EAEYASAAEgK3qvD_BwE,form_interaction,form_submission,4,"Apr 3, 2026",Display,google / cpc,1,
https://guildgolfcarts.com/denago-golf-carts-enclosures/?gad_source=5&gad_campaignid=23323436126&gclid=EAIaIQobChMImfXeqtjNkwMVKlcIBB3GtS7REAEYASAAEgLDs_D_BwE,content_interaction,phone_click,4,"Apr 1, 2026",Display,google / cpc,1,
https://guildgolfcarts.com/denago-golf-carts/,form_interaction,form_submission,6,"Jun 22, 2025",Organic Search,google / organic,1,
https://guildgolfcarts.com/denago-golf-carts/,form_interaction,form_submission,7,"Jul 4, 2025",Organic Search,google / organic,1,
https://guildgolfcarts.com/denago-golf-carts/,form_interaction,form_submission,8,"Aug 13, 2025",Organic Search,google / organic,1,
https://guildgolfcarts.com/denago-golf-carts/,form_interaction,form_submission,9,"Sep 3, 2025",Organic Search,google / organic,1,
https://guildgolfcarts.com/denago-golf-carts/,form_interaction,form_submission,9,"Sep 8, 2025",Organic Search,google / organic,1,
https://guildgolfcarts.com/denago-golf-carts/,form_interaction,form_submission,10,"Oct 22, 2025",Organic Search,yahoo / organic,1,
https://guildgolfcarts.com/denago-golf-carts/,form_interaction,form_submission,11,"Nov 9, 2025",Organic Search,google / organic,1,
https://guildgolfcarts.com/denago-golf-carts/,form_interaction,form_submission,12,"Dec 24, 2025",Organic Search,google / organic,1,
https://guildgolfcarts.com/denago-golf-carts/,form_interaction,form_submission,3,"Mar 2, 2026",Organic Search,google / organic,1,
https://guildgolfcarts.com/denago-golf-carts/,content_interaction,phone_click,3,"Mar 3, 2025",Direct,(direct) / (none),1,0
https://guildgolfcarts.com/denago-golf-carts/,content_interaction,phone_click,8,"Aug 2, 2025",Organic Search,google / organic,1,
https://guildgolfcarts.com/denago-golf-carts/,content_interaction,phone_click,8,"Aug 21, 2025",Direct,(direct) / (none),1,
https://guildgolfcarts.com/denago-golf-carts/?gad_source=1&gad_campaignid=22192342059&gclid=Cj0KCQiA7fbLBhDJARIsAOAqhsfPhXTSMcI3VYsBOg7NBB2IBMFwkJP_EYb-tSQZIpT6Ft1erjIKU1kaAurbEALw_wcB,content_interaction,phone_click,1,"Jan 31, 2026",Paid Search,google / cpc,1,
https://guildgolfcarts.com/denago-nomad-xl/,form_interaction,form_submission,2,"Feb 16, 2025",Organic Search,duckduckgo / organic,2,0
https://guildgolfcarts.com/denago-nomad-xl/,form_interaction,form_submission,9,"Sep 5, 2025",Organic Search,google / organic,2,
https://guildgolfcarts.com/denago-nomad-xl/,form_interaction,form_submission,2,"Feb 12, 2025",Direct,(direct) / (none),1,0
https://guildgolfcarts.com/denago-nomad-xl/,form_interaction,form_submission,5,"May 28, 2025",Organic Search,duckduckgo / organic,1,
https://guildgolfcarts.com/denago-nomad-xl/,form_interaction,form_submission,6,"Jun 13, 2025",Organic Search,google / organic,1,
https://guildgolfcarts.com/denago-nomad-xl/,form_interaction,form_submission,7,"Jul 8, 2025",Organic Search,google / organic,1,
https://guildgolfcarts.com/denago-nomad-xl/,form_interaction,form_submission,10,"Oct 31, 2025",Organic Search,google / organic,1,
https://guildgolfcarts.com/denago-nomad-xl/,form_interaction,form_submission,11,"Nov 13, 2025",Organic Search,google / organic,1,
https://guildgolfcarts.com/denago-nomad-xl/,form_interaction,form_submission,12,"Dec 3, 2025",Organic Search,google / organic,1,
https://guildgolfcarts.com/denago-nomad-xl/,content_interaction,phone_click,8,"Aug 28, 2025",Referral,atvtrader.com / referral,1,
https://guildgolfcarts.com/denago-nomad/,form_interaction,form_submission,5,"May 1, 2025",Organic Search,google / organic,1,
https://guildgolfcarts.com/denago-nomad/,form_interaction,form_submission,3,"Mar 17, 2026",Direct,(direct) / (none),1,
https://guildgolfcarts.com/denago-nomad/,content_interaction,phone_click,5,"May 12, 2025",Paid Search,google / cpc,1,
https://guildgolfcarts.com/denago-nomad/,content_interaction,phone_click,7,"Jul 4, 2025",Direct,(direct) / (none),1,
https://guildgolfcarts.com/denago-rover-xl/,form_interaction,form_submission,10,"Oct 11, 2025",Organic Social,l.instagram.com / referral,2,
https://guildgolfcarts.com/denago-rover-xl/,form_interaction,form_submission,6,"Jun 9, 2025",Organic Search,google / organic,1,
https://guildgolfcarts.com/denago-rover-xl/,form_interaction,form_submission,2,"Feb 2, 2026",Organic Search,google / organic,1,
https://guildgolfcarts.com/denago-rover-xl/,content_interaction,phone_click,12,"Dec 31, 2025",Direct,(direct) / (none),1,
https://guildgolfcarts.com/denago-rover-xl6/,form_interaction,form_submission,8,"Aug 25, 2025",Organic Search,google / organic,1,
https://guildgolfcarts.com/denago-rover-xl6/?attribute_color=Gray&srsltid=ChEI8IvgwQYQ7b3bx%2BPyrM3xARJUAGMiwshwwRWwr0tPkbIchMSN2IVm7CsNFgFj%2FDmU17YRWLork3llC8P5kwRWpBFVT%2FFfY5T9MRv9FsZpIVHD%2B5LLo0focin3TNZB8NmMjPu4hNZrGgIE9A%3D%3D&gQT=2,content_interaction,phone_click,5,"May 29, 2025",Organic Shopping,google / organic,1,
https://guildgolfcarts.com/denago-rover-xxl/,form_interaction,form_submission,11,"Nov 5, 2025",Direct,(direct) / (none),5,
https://guildgolfcarts.com/does-geico-offer-golf-cart-insurance/,form_interaction,form_submission,3,"Mar 28, 2025",Organic Search,yahoo / organic,2,0
https://guildgolfcarts.com/does-geico-offer-golf-cart-insurance/,content_interaction,phone_click,4,"Apr 21, 2025",Organic Search,google / organic,2,
https://guildgolfcarts.com/does-geico-offer-golf-cart-insurance/,form_interaction,form_submission,4,"Apr 7, 2025",Organic Search,google / organic,1,0
https://guildgolfcarts.com/does-geico-offer-golf-cart-insurance/?srsltid=ChEI8MXVwQYQtuem6fOanoK6ARJRANQNITqtDCVBQzR%2Fwe5z0lVKrm40GabqSIkljix2PQau3eDZ3a6ItRyytiEwrf6Ru1sJCZWyVcI3IPffKWKv%2FKzwF%2Bv0YpTofP8EnsJdJXAuGgJmFg%3D%3D,form_interaction,form_submission,5,"May 27, 2025",Organic Search,google / organic,1,
https://guildgolfcarts.com/does-geico-offer-golf-cart-insurance/?srsltid=ChAI8NSYwwYQvPq4utCxh9NoElEAKnC7mliPSANGpL78HLXyifdBzFwcE2pA8eiQkHlDDhdKPcH4dZ1aKAK%2FosTagpE86bYCPdpgeK97ukMJUtH%2B1lra5ldynGpg225XfjMcNNcaAulC,form_interaction,form_submission,7,"Jul 3, 2025",Organic Search,google / organic,1,
https://guildgolfcarts.com/does-geico-offer-golf-cart-insurance/?srsltid=ChAI8NSYwwYQvPq4utCxh9NoElEAKnC7msGsuNpjRTTdSyT%2FvAL3rsxp041cWRL6e4jEe7fuwBfi%2FhU2Bx9wjPlFR8qQiezlv3RNC7UFc%2FqGNzPveBqheqtfadhCwYpHZBbR8BQaAgqm,form_interaction,form_submission,7,"Jul 3, 2025",Organic Search,google / organic,1,
https://guildgolfcarts.com/does-geico-offer-golf-cart-insurance/,form_interaction,form_submission,2,"Feb 17, 2026",Organic Search,bing / organic,1,
https://guildgolfcarts.com/does-geico-offer-golf-cart-insurance/,content_interaction,phone_click,4,"Apr 17, 2025",Organic Search,google / organic,1,
https://guildgolfcarts.com/does-geico-offer-golf-cart-insurance/,content_interaction,phone_click,4,"Apr 22, 2025",Organic Search,google / organic,1,
https://guildgolfcarts.com/does-geico-offer-golf-cart-insurance/,content_interaction,phone_click,5,"May 7, 2025",Organic Search,google / organic,1,
https://guildgolfcarts.com/does-geico-offer-golf-cart-insurance/,content_interaction,phone_click,5,"May 8, 2025",Organic Search,google / organic,1,
https://guildgolfcarts.com/does-geico-offer-golf-cart-insurance/,content_interaction,phone_click,5,"May 9, 2025",Organic Search,google / organic,1,
https://guildgolfcarts.com/does-geico-offer-golf-cart-insurance/?srsltid=ChEI8NuLwQYQsOTktLyt3ZjgARJRAJ%2FZ7Lj3sAvYpZMxM6N85P9TbUKLHdNKfQlrW1Xx137IKAc3ELlhsq6TFKGTLJHyjZqjQajj51fQbIaen2l0vb00yS8Hhrt%2BD7x8hf21nCR2GgLVAQ%3D%3D,content_interaction,phone_click,5,"May 13, 2025",Organic Search,google / organic,1,
https://guildgolfcarts.com/does-geico-offer-golf-cart-insurance/,content_interaction,phone_click,5,"May 16, 2025",Organic Search,google / organic,1,
https://guildgolfcarts.com/does-geico-offer-golf-cart-insurance/?srsltid=ChEI8MXVwQYQtuem6fOanoK6ARJRANQNITpSYrZFuTbGtFJ4lFNYWT3gadsg4N1JBrjINT%2FwE0faEzfroiMMj3uvEKkP0%2F3PO9SeK9mACFpPpreFHAxjelVPnK6R6maSrMFEgPSbGgIFNA%3D%3D,content_interaction,phone_click,5,"May 27, 2025",Organic Search,google / organic,1,
https://guildgolfcarts.com/does-geico-offer-golf-cart-insurance/,content_interaction,phone_click,7,"Jul 18, 2025",Organic Search,google / organic,1,
https://guildgolfcarts.com/does-geico-offer-golf-cart-insurance/,content_interaction,phone_click,9,"Sep 7, 2025",Organic Search,yahoo / organic,1,
https://guildgolfcarts.com/electric-golf-carts/,form_interaction,form_submission,3,"Mar 16, 2025",Organic Search,google / organic,3,0
https://guildgolfcarts.com/electric-golf-carts/,form_interaction,form_submission,6,"Jun 4, 2025",Organic Search,google / organic,3,
https://guildgolfcarts.com/electric-golf-carts/,form_interaction,form_submission,4,"Apr 1, 2026",Direct,(direct) / (none),3,
https://guildgolfcarts.com/electric-golf-carts/,content_interaction,phone_click,7,"Jul 16, 2025",Organic Search,google / organic,3,
https://guildgolfcarts.com/electric-golf-carts/,form_interaction,form_submission,2,"Feb 22, 2025",Organic Search,google / organic,2,0
https://guildgolfcarts.com/electric-golf-carts/,form_interaction,form_submission,4,"Apr 9, 2025",Paid Search,google / cpc,2,0
https://guildgolfcarts.com/electric-golf-carts/,form_interaction,form_submission,5,"May 4, 2025",Organic Search,google / organic,2,
https://guildgolfcarts.com/electric-golf-carts/,form_interaction,form_submission,7,"Jul 6, 2025",Organic Search,google / organic,2,
https://guildgolfcarts.com/electric-golf-carts/,form_interaction,form_submission,8,"Aug 29, 2025",Organic Search,google / organic,2,
https://guildgolfcarts.com/electric-golf-carts/,form_interaction,form_submission,9,"Sep 2, 2025",Organic Search,google / organic,2,
https://guildgolfcarts.com/electric-golf-carts/,form_interaction,form_submission,10,"Oct 18, 2025",Organic Search,google / organic,2,
https://guildgolfcarts.com/electric-golf-carts/,form_interaction,form_submission,2,"Feb 8, 2026",Organic Search,google / organic,2,
https://guildgolfcarts.com/electric-golf-carts/,content_interaction,phone_click,7,"Jul 8, 2025",Organic Search,google / organic,2,
https://guildgolfcarts.com/electric-golf-carts/,form_interaction,form_submission,2,"Feb 23, 2025",Organic Search,google / organic,1,0
https://guildgolfcarts.com/electric-golf-carts/,form_interaction,form_submission,3,"Mar 11, 2025",Direct,(direct) / (none),1,0
https://guildgolfcarts.com/electric-golf-carts/,form_interaction,form_submission,3,"Mar 13, 2025",Direct,(direct) / (none),1,0
https://guildgolfcarts.com/electric-golf-carts/,form_interaction,form_submission,3,"Mar 24, 2025",Organic Search,google / organic,1,0
https://guildgolfcarts.com/electric-golf-carts/,form_interaction,form_submission,3,"Mar 30, 2025",Organic Search,google / organic,1,0
https://guildgolfcarts.com/electric-golf-carts/,form_interaction,form_submission,3,"Mar 31, 2025",Organic Search,google / organic,1,0
https://guildgolfcarts.com/electric-golf-carts/,form_interaction,form_submission,4,"Apr 1, 2025",Direct,(direct) / (none),1,0
https://guildgolfcarts.com/electric-golf-carts/,form_interaction,form_submission,4,"Apr 9, 2025",Organic Search,google / organic,1,0
https://guildgolfcarts.com/electric-golf-carts/,form_interaction,form_submission,4,"Apr 25, 2025",Organic Search,google / organic,1,
https://guildgolfcarts.com/electric-golf-carts/,form_interaction,form_submission,4,"Apr 29, 2025",Organic Search,google / organic,1,
https://guildgolfcarts.com/electric-golf-carts/,form_interaction,form_submission,5,"May 1, 2025",Organic Search,google / organic,1,
https://guildgolfcarts.com/electric-golf-carts/,form_interaction,form_submission,5,"May 8, 2025",Organic Search,google / organic,1,
https://guildgolfcarts.com/electric-golf-carts/,form_interaction,form_submission,5,"May 10, 2025",Organic Search,google / organic,1,
https://guildgolfcarts.com/electric-golf-carts/,form_interaction,form_submission,5,"May 15, 2025",Organic Search,google / organic,1,
https://guildgolfcarts.com/electric-golf-carts/,form_interaction,form_submission,5,"May 16, 2025",Organic Shopping,google / organic,1,
https://guildgolfcarts.com/electric-golf-carts/,form_interaction,form_submission,5,"May 20, 2025",Organic Search,google / organic,1,
https://guildgolfcarts.com/electric-golf-carts/,form_interaction,form_submission,5,"May 21, 2025",Organic Search,google / organic,1,
https://guildgolfcarts.com/electric-golf-carts/,session_start,form_submission,5,"May 21, 2025",Organic Search,google / organic,1,
https://guildgolfcarts.com/electric-golf-carts/,form_interaction,form_submission,5,"May 30, 2025",Organic Search,google / organic,1,
https://guildgolfcarts.com/electric-golf-carts/,form_interaction,form_submission,6,"Jun 3, 2025",Unassigned,(not set),1,
https://guildgolfcarts.com/electric-golf-carts/,form_interaction,form_submission,6,"Jun 7, 2025",Organic Search,google / organic,1,
https://guildgolfcarts.com/electric-golf-carts/,form_interaction,form_submission,6,"Jun 8, 2025",Organic Search,duckduckgo / organic,1,
https://guildgolfcarts.com/electric-golf-carts/,form_interaction,form_submission,6,"Jun 8, 2025",Organic Shopping,google / organic,1,
https://guildgolfcarts.com/electric-golf-carts/,form_interaction,form_submission,6,"Jun 9, 2025",Organic Search,google / organic,1,
https://guildgolfcarts.com/electric-golf-carts/,form_interaction,form_submission,6,"Jun 10, 2025",Organic Search,google / organic,1,
https://guildgolfcarts.com/electric-golf-carts/,form_interaction,form_submission,6,"Jun 17, 2025",Organic Search,google / organic,1,
https://guildgolfcarts.com/electric-golf-carts/,form_interaction,form_submission,6,"Jun 21, 2025",Organic Search,google / organic,1,
https://guildgolfcarts.com/electric-golf-carts/,form_interaction,form_submission,6,"Jun 22, 2025",Direct,(direct) / (none),1,
https://guildgolfcarts.com/electric-golf-carts/,form_interaction,form_submission,6,"Jun 25, 2025",Organic Search,google / organic,1,
https://guildgolfcarts.com/electric-golf-carts/?gclid=Cj0KCQjw64jDBhDXARIsABkk8J5vahNDVqKGfqNbtOVrKRxWfHwTtVYyIBtnvKZsJd58wsvGRUb7yeEaAouSEALw_wcB,form_interaction,form_submission,6,"Jun 30, 2025",Paid Search,google / cpc,1,
https://guildgolfcarts.com/electric-golf-carts/,form_interaction,form_submission,7,"Jul 2, 2025",Organic Search,google / organic,1,
https://guildgolfcarts.com/electric-golf-carts/,form_interaction,form_submission,7,"Jul 2, 2025",Paid Search,google / cpc,1,
https://guildgolfcarts.com/electric-golf-carts/,form_interaction,form_submission,7,"Jul 7, 2025",Organic Search,bing / organic,1,
https://guildgolfcarts.com/electric-golf-carts/,form_interaction,form_submission,7,"Jul 11, 2025",Organic Search,duckduckgo / organic,1,
https://guildgolfcarts.com/electric-golf-carts/,form_interaction,form_submission,7,"Jul 13, 2025",Organic Search,google / organic,1,
https://guildgolfcarts.com/electric-golf-carts/,form_interaction,form_submission,7,"Jul 15, 2025",Organic Search,google / organic,1,
https://guildgolfcarts.com/electric-golf-carts/,form_interaction,form_submission,7,"Jul 21, 2025",Direct,(direct) / (none),1,
https://guildgolfcarts.com/electric-golf-carts/,form_interaction,form_submission,7,"Jul 28, 2025",Organic Search,google / organic,1,
https://guildgolfcarts.com/electric-golf-carts/,form_interaction,form_submission,8,"Aug 10, 2025",Organic Search,google / organic,1,
https://guildgolfcarts.com/electric-golf-carts/,form_interaction,form_submission,8,"Aug 26, 2025",Organic Search,google / organic,1,
https://guildgolfcarts.com/electric-golf-carts/,form_interaction,form_submission,8,"Aug 31, 2025",Organic Search,google / organic,1,
https://guildgolfcarts.com/electric-golf-carts/,form_interaction,form_submission,9,"Sep 7, 2025",Organic Search,google / organic,1,
https://guildgolfcarts.com/electric-golf-carts/,form_interaction,form_submission,9,"Sep 25, 2025",Referral,perplexity.ai / referral,1,
https://guildgolfcarts.com/electric-golf-carts/,form_interaction,form_submission,9,"Sep 25, 2025",Unassigned,chatgpt.com / (not set),1,
https://guildgolfcarts.com/electric-golf-carts/,form_interaction,form_submission,10,"Oct 4, 2025",Organic Search,google / organic,1,
https://guildgolfcarts.com/electric-golf-carts/,form_interaction,form_submission,10,"Oct 31, 2025",Referral,atvtrader.com / referral,1,
https://guildgolfcarts.com/electric-golf-carts/,form_interaction,form_submission,12,"Dec 29, 2025",Unassigned,chatgpt.com / (not set),1,
https://guildgolfcarts.com/electric-golf-carts/,form_interaction,form_submission,1,"Jan 21, 2026",Paid Search,google / cpc,1,
https://guildgolfcarts.com/electric-golf-carts/,form_interaction,form_submission,2,"Feb 12, 2026",Paid Search,google / cpc,1,
https://guildgolfcarts.com/electric-golf-carts/,form_interaction,form_submission,3,"Mar 29, 2026",Organic Search,google / organic,1,
https://guildgolfcarts.com/electric-golf-carts/,content_interaction,phone_click,2,"Feb 12, 2025",Organic Search,google / organic,1,0
https://guildgolfcarts.com/electric-golf-carts/,content_interaction,phone_click,2,"Feb 20, 2025",Direct,(direct) / (none),1,0
https://guildgolfcarts.com/electric-golf-carts/,content_interaction,phone_click,2,"Feb 22, 2025",Organic Search,google / organic,1,0
https://guildgolfcarts.com/electric-golf-carts/,content_interaction,phone_click,4,"Apr 1, 2025",Paid Search,google / cpc,1,0
https://guildgolfcarts.com/electric-golf-carts/,content_interaction,phone_click,4,"Apr 19, 2025",Organic Search,google / organic,1,
https://guildgolfcarts.com/electric-golf-carts/,content_interaction,phone_click,4,"Apr 21, 2025",Organic Search,google / organic,1,
https://guildgolfcarts.com/electric-golf-carts/,content_interaction,phone_click,5,"May 3, 2025",Organic Search,google / organic,1,
https://guildgolfcarts.com/electric-golf-carts/,content_interaction,phone_click,5,"May 18, 2025",Organic Search,google / organic,1,
https://guildgolfcarts.com/electric-golf-carts/,content_interaction,phone_click,7,"Jul 4, 2025",Unassigned,chatgpt.com / (not set),1,
https://guildgolfcarts.com/electric-golf-carts/,content_interaction,phone_click,8,"Aug 30, 2025",Organic Search,google / organic,1,
https://guildgolfcarts.com/electric-golf-carts/,content_interaction,phone_click,9,"Sep 13, 2025",Direct,(direct) / (none),1,
https://guildgolfcarts.com/electric-golf-carts/,content_interaction,phone_click,9,"Sep 27, 2025",Organic Search,google / organic,1,
https://guildgolfcarts.com/electric-golf-carts/,content_interaction,phone_click,12,"Dec 17, 2025",Organic Search,google / organic,1,
https://guildgolfcarts.com/electric-golf-carts/,content_interaction,phone_click,1,"Jan 18, 2026",Organic Search,google / organic,1,
https://guildgolfcarts.com/electric-golf-carts/,content_interaction,phone_click,2,"Feb 27, 2026",Direct,(direct) / (none),1,
https://guildgolfcarts.com/electric-golf-carts/?fbclid=IwZXh0bgNhZW0CMTEAAR2TTlGxcEcj9gyZoW65DASOPAob3C4t2QqXb4XvRVdBthhxdt1nKiLLkos_aem_2zjil3blRnz--0Mamwsd1w,form_interaction,form_submission,3,"Mar 6, 2025",Direct,(direct) / (none),1,0
https://guildgolfcarts.com/electric-golf-carts/?fbclid=IwZXh0bgNhZW0CMTEAAR4SXYzh9AhMe6eUgvp-hj5csKC3rFvi1gm0Mu6wydsJSjOvfjBtEAYxY4YH3g_aem_gEz1bQrAVeeLCksgwn50OA,form_interaction,form_submission,4,"Apr 28, 2025",Direct,(direct) / (none),1,
https://guildgolfcarts.com/evolution-carrier-6-plus/,form_interaction,form_submission,8,"Aug 21, 2025",Organic Search,google / organic,3,
https://guildgolfcarts.com/evolution-carrier-6-plus/,form_interaction,form_submission,4,"Apr 10, 2025",Organic Search,google / organic,1,0
https://guildgolfcarts.com/evolution-carrier-6-plus/,form_interaction,form_submission,1,"Jan 14, 2026",Organic Search,google / organic,1,
https://guildgolfcarts.com/evolution-carrier-6-plus/,form_interaction,form_submission,3,"Mar 17, 2026",Organic Search,google / organic,1,
https://guildgolfcarts.com/evolution-carrier-6-plus/,content_interaction,phone_click,3,"Mar 2, 2025",Organic Search,google / organic,1,0
https://guildgolfcarts.com/evolution-carrier-6-plus/,content_interaction,phone_click,6,"Jun 24, 2025",Organic Search,duckduckgo / organic,1,
https://guildgolfcarts.com/evolution-classic-2-plus-custom-golf-cart/?gad_source=5&gclid=EAIaIQobChMIuPK5peqqjAMVYTStBh3uQifaEAAYASAAEgIc6_D_BwE,form_interaction,form_submission,3,"Mar 27, 2025",Paid Search,google / cpc,1,0
https://guildgolfcarts.com/evolution-classic-2-plus-custom-golf-cart/?gad_source=5&gclid=EAIaIQobChMI7NzOjP6LjQMVvSWtBh3lFDE7EAAYASAAEgJKJvD_BwE,form_interaction,form_submission,5,"May 5, 2025",Paid Search,google / cpc,1,
https://guildgolfcarts.com/evolution-classic-2-plus-custom-golf-cart/,content_interaction,phone_click,6,"Jun 26, 2025",Direct,(direct) / (none),1,
https://guildgolfcarts.com/evolution-classic-2-plus-custom-golf-cart/?gad_source=1&gad_campaignid=22132725529,form_interaction,form_submission,5,"May 31, 2025",Direct,(direct) / (none),1,
https://guildgolfcarts.com/evolution-classic-2-plus-custom-golf-cart/?gad_source=1&gad_campaignid=22132725529&gclid=CjwKCAjwmenCBhA4EiwAtVjzmsdROYJy727zfmFnZ37_4mxMcHkfYX60rX2QHxb7tjmMSEWwthW4VhoC0XgQAvD_BwE,form_interaction,form_submission,6,"Jun 24, 2025",Paid Search,google / cpc,1,
https://guildgolfcarts.com/evolution-classic-2-plus-custom-golf-cart/?gad_source=1&gad_campaignid=22132725529&gbraid=0AAAAA-hiYqx4QoEjOfLBBvqoG6mG_nPy3&gclid=EAIaIQobChMIwY2GlvSZjgMVTuLCBB0mwQRjEAAYASAAEgJp1PD_BwE,content_interaction,phone_click,6,"Jun 30, 2025",Paid Search,google / cpc,1,
https://guildgolfcarts.com/evolution-classic-2-plus/,form_interaction,form_submission,2,"Feb 22, 2025",Organic Search,google / organic,4,0
https://guildgolfcarts.com/evolution-classic-2-plus/,form_interaction,form_submission,2,"Feb 13, 2025",Organic Search,google / organic,2,0
https://guildgolfcarts.com/evolution-classic-2-plus/,form_interaction,form_submission,3,"Mar 31, 2025",Organic Search,google / organic,2,0
https://guildgolfcarts.com/evolution-classic-2-plus/,form_interaction,form_submission,2,"Feb 16, 2025",Organic Search,google / organic,1,0
https://guildgolfcarts.com/evolution-classic-2-plus/,form_interaction,form_submission,3,"Mar 2, 2025",Organic Search,google / organic,1,0
https://guildgolfcarts.com/evolution-classic-2-plus/,form_interaction,form_submission,3,"Mar 17, 2025",Paid Search,google / cpc,1,0
https://guildgolfcarts.com/evolution-classic-2-plus/,form_interaction,form_submission,4,"Apr 12, 2025",Paid Search,google / cpc,1,
https://guildgolfcarts.com/evolution-classic-2-plus/,form_interaction,form_submission,4,"Apr 24, 2025",Direct,(direct) / (none),1,
https://guildgolfcarts.com/evolution-classic-2-plus/,form_interaction,form_submission,4,"Apr 29, 2025",Organic Search,google / organic,1,
https://guildgolfcarts.com/evolution-classic-2-plus/,form_interaction,form_submission,5,"May 9, 2025",Organic Search,google / organic,1,
https://guildgolfcarts.com/evolution-classic-2-plus/,form_interaction,form_submission,5,"May 30, 2025",Organic Search,bing / organic,1,
https://guildgolfcarts.com/evolution-classic-2-plus/,content_interaction,phone_click,6,"Jun 7, 2025",Organic Search,google / organic,1,
https://guildgolfcarts.com/evolution-classic-4-plus/,form_interaction,form_submission,4,"Apr 3, 2025",Organic Search,duckduckgo / organic,2,0
https://guildgolfcarts.com/evolution-classic-4-plus/,form_interaction,form_submission,4,"Apr 16, 2025",Organic Search,google / organic,2,
https://guildgolfcarts.com/evolution-classic-4-plus/,form_interaction,form_submission,3,"Mar 14, 2025",Paid Search,google / cpc,1,0
https://guildgolfcarts.com/evolution-classic-4-plus/,form_interaction,form_submission,3,"Mar 23, 2025",Organic Search,google / organic,1,0
https://guildgolfcarts.com/evolution-classic-4-plus/,form_interaction,form_submission,4,"Apr 9, 2025",Organic Search,google / organic,1,0
https://guildgolfcarts.com/evolution-classic-4-plus/,form_interaction,form_submission,4,"Apr 30, 2025",Organic Search,yahoo / organic,1,
https://guildgolfcarts.com/evolution-classic-4-plus/,content_interaction,phone_click,4,"Apr 22, 2025",Organic Search,google / organic,1,
https://guildgolfcarts.com/evolution-classic-4-plus/,session_start,phone_click,4,"Apr 22, 2025",Organic Search,google / organic,1,
https://guildgolfcarts.com/evolution-classic-4-plus/?attribute_color=Black+Sapphire&srsltid=ChEI8PO1wQYQ%2B%2BiY4Nr0j6vaARJUAAeEZGZLwSzIH0aWx5PiYqxEjVv0U19ru2l7Bcnlu4T7B8PWZDao87Fb2Sh0AN77S2IZXIff5xhQXlSx7afU0fG7C6c5EXynR9JzuNb22gceMfGfGgIRTA%3D%3D,form_interaction,form_submission,5,"May 21, 2025",Organic Shopping,google / organic,1,
https://guildgolfcarts.com/evolution-classic-4-plus/?attribute_color=Sky+Blue&srsltid=ChEI8PTvwQYQo5H%2BuMfwsvO5ARJUAHfd1rGYbAxhaSV7PYo%2B%2B8Hw%2Bh431sHltNsXeUNZE8N35oBEoOvP9TcAjxMxSjJQivyFILm6Kq7KGZBOIhhHfP5uHkojoQM69XhdLArLkmNY4UweGgLUKA%3D%3D,form_interaction,form_submission,6,"Jun 1, 2025",Organic Shopping,google / organic,1,
https://guildgolfcarts.com/evolution-classic-4-plus/?attribute_color=Sky+Blue&srsltid=ChEI8PTvwQYQo5H%2BuMfwsvO5ARJUAHfd1rHDnfp5R3Y92a4u4Yu81QVl577Ixh2lVDCSvLaYUniOm1VB27TL%2Bud%2BnKuacHBczOKHbY8c5hYj4%2BaodoR8TGY0%2B5GZwW3s97mnTvKUA%2FKLGgL4DQ%3D%3D,form_interaction,form_submission,6,"Jun 1, 2025",Organic Shopping,google / organic,1,
https://guildgolfcarts.com/evolution-d-max-gt4/,form_interaction,form_submission,8,"Aug 12, 2025",Organic Search,google / organic,2,
https://guildgolfcarts.com/evolution-d-max-gt4/,form_interaction,form_submission,8,"Aug 16, 2025",Organic Search,google / organic,2,
https://guildgolfcarts.com/evolution-d-max-gt4/,form_interaction,form_submission,8,"Aug 12, 2025",Organic Search,yahoo / organic,1,
https://guildgolfcarts.com/evolution-d-max-gt4/,form_interaction,form_submission,8,"Aug 19, 2025",Organic Search,yahoo / organic,1,
https://guildgolfcarts.com/evolution-d-max-gt4/,form_interaction,form_submission,9,"Sep 17, 2025",Organic Search,yahoo / organic,1,
https://guildgolfcarts.com/evolution-d-max-gt4/,form_interaction,form_submission,12,"Dec 7, 2025",Organic Search,google / organic,1,
https://guildgolfcarts.com/evolution-d-max-xt4/,content_interaction,phone_click,9,"Sep 15, 2025",Direct,(direct) / (none),2,
https://guildgolfcarts.com/evolution-d-max-xt4/,form_interaction,form_submission,9,"Sep 1, 2025",Organic Search,google / organic,1,
https://guildgolfcarts.com/evolution-d-max-xt4/,form_interaction,form_submission,9,"Sep 16, 2025",Organic Search,google / organic,1,
https://guildgolfcarts.com/evolution-d-max-xt6/,form_interaction,form_submission,11,"Nov 29, 2025",Paid Search,google / cpc,1,
https://guildgolfcarts.com/evolution-d5-maverick-4/,form_interaction,form_submission,6,"Jun 6, 2025",Organic Search,google / organic,2,
https://guildgolfcarts.com/evolution-d5-maverick-4/,form_interaction,form_submission,7,"Jul 6, 2025",Organic Search,google / organic,2,
https://guildgolfcarts.com/evolution-d5-maverick-4/,form_interaction,form_submission,8,"Aug 31, 2025",Direct,(direct) / (none),1,
https://guildgolfcarts.com/evolution-d5-maverick-4/,form_interaction,form_submission,9,"Sep 2, 2025",Direct,(direct) / (none),1,
https://guildgolfcarts.com/evolution-d5-maverick-4/,form_interaction,form_submission,11,"Nov 2, 2025",Paid Search,google / cpc,1,
https://guildgolfcarts.com/evolution-d5-maverick-4/,form_interaction,form_submission,1,"Jan 4, 2026",Organic Search,bing / organic,1,
https://guildgolfcarts.com/evolution-d5-maverick-4/,form_interaction,form_submission,4,"Apr 1, 2026",Organic Search,yahoo / organic,1,
https://guildgolfcarts.com/evolution-d5-maverick-4/,content_interaction,phone_click,5,"May 14, 2025",Paid Search,google / cpc,1,
https://guildgolfcarts.com/evolution-d5-maverick-6/,form_interaction,form_submission,9,"Sep 6, 2025",Organic Search,google / organic,2,
https://guildgolfcarts.com/evolution-d5-maverick-6/,form_interaction,form_submission,8,"Aug 14, 2025",Organic Search,google / organic,1,
https://guildgolfcarts.com/evolution-d5-ranger-22/,form_interaction,form_submission,2,"Feb 1, 2026",Organic Search,google / organic,2,
https://guildgolfcarts.com/evolution-d5-ranger-22/,form_interaction,form_submission,4,"Apr 7, 2025",Organic Search,bing / organic,1,0
https://guildgolfcarts.com/evolution-d5-ranger-22/,form_interaction,form_submission,8,"Aug 20, 2025",Organic Search,bing / organic,1,
https://guildgolfcarts.com/evolution-d5-ranger-22/,form_interaction,form_submission,9,"Sep 26, 2025",Organic Search,google / organic,1,
https://guildgolfcarts.com/evolution-d5-ranger-22/,form_interaction,form_submission,9,"Sep 28, 2025",Organic Search,google / organic,1,
https://guildgolfcarts.com/evolution-d5-ranger-22/,form_interaction,form_submission,11,"Nov 17, 2025",Referral,atvtrader.com / referral,1,
https://guildgolfcarts.com/evolution-d5-ranger-22/,form_interaction,form_submission,11,"Nov 20, 2025",Organic Search,google / organic,1,
https://guildgolfcarts.com/evolution-d5-ranger-22/,form_interaction,form_submission,1,"Jan 29, 2026",Organic Search,google / organic,1,
https://guildgolfcarts.com/evolution-d5-ranger-22/,form_interaction,form_submission,2,"Feb 18, 2026",Organic Search,bing / organic,1,
https://guildgolfcarts.com/evolution-d5-ranger-22/,form_interaction,form_submission,3,"Mar 26, 2026",Direct,(direct) / (none),1,
https://guildgolfcarts.com/evolution-d5-ranger-22/,content_interaction,phone_click,2,"Feb 24, 2025",Organic Search,yahoo / organic,1,0
https://guildgolfcarts.com/evolution-d5-ranger-22/,content_interaction,phone_click,5,"May 23, 2025",Direct,(direct) / (none),1,
https://guildgolfcarts.com/evolution-d5-ranger-22/,content_interaction,phone_click,7,"Jul 19, 2025",Organic Search,google / organic,1,
https://guildgolfcarts.com/evolution-d5-ranger-22/,session_start,phone_click,7,"Jul 19, 2025",Organic Search,google / organic,1,
https://guildgolfcarts.com/evolution-d5-ranger-22/,content_interaction,phone_click,10,"Oct 6, 2025",Organic Search,google / organic,1,
https://guildgolfcarts.com/evolution-d5-ranger-22/?srsltid=ChAIgOrIygYQ7ueStJy5%2FOEEElEA6Fjqfjy2FWfGhchqmJeeDgoP3vPPt3VCXVSO08T8%2B0gkhnaguefdE%2FG1Iohxx9QwYtfZVfUmIaGN3hhr6LAcP7AYfd0P1WKApsvMlmsjZ40aAiPS,content_interaction,phone_click,12,"Dec 29, 2025",Unassigned,(not set),1,
https://guildgolfcarts.com/evolution-d5-ranger-22/?attribute_color=Pearl+White&srsltid=ChAI8N3%2FwQYQ98PIs%2FjFoMQKElQA8iLs2zjgiGVsMrve8M5Qd4gyT3wtf6Dp%2FZ5K%2FJ6vsUG3w8ackdwgUHXelHqjGMfvGy3V3KD6WaxNCjX1OH95HZRlhulHlnQ6GiYEFt1UKTps%2FQsaAjp6,form_interaction,form_submission,6,"Jun 4, 2025",Organic Shopping,google / organic,1,
https://guildgolfcarts.com/evolution-d5-ranger-4/,form_interaction,form_submission,5,"May 26, 2025",Organic Search,google / organic,2,
https://guildgolfcarts.com/evolution-d5-ranger-4/,form_interaction,form_submission,11,"Nov 29, 2025",Paid Search,google / cpc,2,
https://guildgolfcarts.com/evolution-d5-ranger-4/,form_interaction,form_submission,5,"May 20, 2025",Organic Search,google / organic,1,
https://guildgolfcarts.com/evolution-d5-ranger-4/,form_interaction,form_submission,6,"Jun 2, 2025",Organic Search,google / organic,1,
https://guildgolfcarts.com/evolution-d5-ranger-4/,form_interaction,form_submission,6,"Jun 25, 2025",Referral,atvtrader.com / referral,1,
https://guildgolfcarts.com/evolution-d5-ranger-4/,form_interaction,form_submission,6,"Jun 26, 2025",Organic Search,google / organic,1,
https://guildgolfcarts.com/evolution-d5-ranger-4/,form_interaction,form_submission,9,"Sep 2, 2025",Paid Search,google / cpc,1,
https://guildgolfcarts.com/evolution-d5-ranger-4/,form_interaction,form_submission,10,"Oct 22, 2025",Organic Search,google / organic,1,
https://guildgolfcarts.com/evolution-d5-ranger-4/,form_interaction,form_submission,11,"Nov 3, 2025",Organic Search,google / organic,1,
https://guildgolfcarts.com/evolution-d5-ranger-4/,form_interaction,form_submission,3,"Mar 15, 2026",Organic Search,google / organic,1,
https://guildgolfcarts.com/evolution-d5-ranger-4/,content_interaction,phone_click,7,"Jul 9, 2025",Organic Search,google / organic,1,
https://guildgolfcarts.com/evolution-d5-ranger-42-plus/,form_interaction,form_submission,9,"Sep 9, 2025",Organic Search,google / organic,1,
https://guildgolfcarts.com/evolution-d5-ranger-42-plus/,form_interaction,form_submission,1,"Jan 18, 2026",Paid Search,google / cpc,1,
https://guildgolfcarts.com/evolution-d5-ranger-6/,form_interaction,form_submission,12,"Dec 3, 2025",Organic Search,google / organic,1,
https://guildgolfcarts.com/evolution-electric-vehicles/,form_interaction,form_submission,3,"Mar 3, 2025",Organic Search,google / organic,2,0
https://guildgolfcarts.com/evolution-electric-vehicles/?gad_source=1&gbraid=0AAAAA-hiYqzO8HJJISNYOjV1J3UHyMn8l&gclid=EAIaIQobChMIqda86tDaiwMVQwVECB0lBSpnEAAYASACEgK91fD_BwE,content_interaction,phone_click,2,"Feb 23, 2025",Paid Search,google / cpc,2,0
https://guildgolfcarts.com/evolution-electric-vehicles/,form_interaction,form_submission,2,"Feb 19, 2025",Direct,(direct) / (none),1,0
https://guildgolfcarts.com/evolution-electric-vehicles/,form_interaction,form_submission,3,"Mar 7, 2025",Organic Search,google / organic,1,0
https://guildgolfcarts.com/evolution-electric-vehicles/,form_interaction,form_submission,3,"Mar 12, 2025",Organic Search,bing / organic,1,0
https://guildgolfcarts.com/evolution-electric-vehicles/,form_interaction,form_submission,3,"Mar 18, 2025",Direct,(direct) / (none),1,0
https://guildgolfcarts.com/evolution-electric-vehicles/,form_interaction,form_submission,4,"Apr 10, 2025",Organic Search,google / organic,1,0
https://guildgolfcarts.com/evolution-electric-vehicles/,form_interaction,form_submission,4,"Apr 30, 2025",Referral,atvtrader.com / referral,1,
https://guildgolfcarts.com/evolution-electric-vehicles/,session_start,form_submission,4,"Apr 30, 2025",Referral,atvtrader.com / referral,1,
https://guildgolfcarts.com/evolution-electric-vehicles/,form_interaction,form_submission,5,"May 13, 2025",Organic Search,google / organic,1,
https://guildgolfcarts.com/evolution-electric-vehicles/,form_interaction,form_submission,5,"May 27, 2025",Organic Search,google / organic,1,
https://guildgolfcarts.com/evolution-electric-vehicles/,form_interaction,form_submission,5,"May 29, 2025",Organic Search,google / organic,1,
https://guildgolfcarts.com/evolution-electric-vehicles/,form_interaction,form_submission,6,"Jun 6, 2025",Direct,(direct) / (none),1,
https://guildgolfcarts.com/evolution-electric-vehicles/?srsltid=ChEI8KOKwgYQ9JKb7Y6o%2FZW4ARJRABhaHQlITCgQ3sImmsqfAn437owyzTGcgaepSBmp1if0hLxS5Xvzs4CebKVOdi15uIt1qKVsNL%2F0KdmguVaa5VEN1YpypfliwdSgrgL0kVmoGgJtpg%3D%3D,form_interaction,form_submission,6,"Jun 6, 2025",Organic Search,google / organic,1,
https://guildgolfcarts.com/evolution-electric-vehicles/,form_interaction,form_submission,6,"Jun 7, 2025",Organic Shopping,google / organic,1,
https://guildgolfcarts.com/evolution-electric-vehicles/,form_interaction,form_submission,6,"Jun 10, 2025",Organic Search,google / organic,1,
https://guildgolfcarts.com/evolution-electric-vehicles/,form_interaction,form_submission,6,"Jun 30, 2025",Organic Search,google / organic,1,
https://guildgolfcarts.com/evolution-electric-vehicles/,form_interaction,form_submission,7,"Jul 8, 2025",Direct,(direct) / (none),1,
https://guildgolfcarts.com/evolution-electric-vehicles/,form_interaction,form_submission,7,"Jul 20, 2025",Referral,atvtrader.com / referral,1,
https://guildgolfcarts.com/evolution-electric-vehicles/,form_interaction,form_submission,8,"Aug 10, 2025",Organic Search,google / organic,1,
https://guildgolfcarts.com/evolution-electric-vehicles/,form_interaction,form_submission,8,"Aug 11, 2025",Organic Search,google / organic,1,
https://guildgolfcarts.com/evolution-electric-vehicles/,form_interaction,form_submission,3,"Mar 3, 2026",Organic Search,bing / organic,1,
https://guildgolfcarts.com/evolution-electric-vehicles/?srsltid=ChAIgNm0zQYQmLPfn529lJNmElEAkszDdiyGn%2FvA%2BgTAmXsWxm3Y%2FB1Tdg83hl5VSsXHL9OjZbCCkX8ygBa8VkIxYNHBSYE77WVnE3fGsywRXWBbjLre1sxojG8puSzCEBXcjAIaAvEz,form_interaction,form_submission,3,"Mar 8, 2026",Organic Search,google / organic,1,
https://guildgolfcarts.com/evolution-electric-vehicles/,form_interaction,form_submission,3,"Mar 30, 2026",Direct,(direct) / (none),1,
https://guildgolfcarts.com/evolution-electric-vehicles/?gad_source=8&gclid=Cj0KCQiAwtu9BhC8ARIsAI9JHalhBusM3VIac_SbZgKJMljhKdj4BxwI7gERsjFMKBJYa2M2xSfFBEQaArbgEALw_wcB,content_interaction,phone_click,2,"Feb 20, 2025",Paid Search,google / cpc,1,0
https://guildgolfcarts.com/evolution-electric-vehicles/,content_interaction,phone_click,2,"Feb 27, 2025",Organic Search,google / organic,1,0
https://guildgolfcarts.com/evolution-electric-vehicles/,content_interaction,phone_click,4,"Apr 11, 2025",Organic Search,google / organic,1,
https://guildgolfcarts.com/evolution-electric-vehicles/?srsltid=ChAI8NuuxgYQxfG5qZq1zPhoElEAU1sZL1tldNqUIgtCaWWxQGIrl4h2JEcxdgG12e7kSBXlKwcmnPmJNeSEANeJJd8hVSS7%2BGv6w8VtY5x7T6du380p0NP%2BFNsYc95xs3nwg%2FEaAqCo,content_interaction,phone_click,9,"Sep 18, 2025",Organic Search,google / organic,1,
https://guildgolfcarts.com/evolution-forester-4-plus/,form_interaction,form_submission,6,"Jun 12, 2025",Organic Search,aol / organic,1,
https://guildgolfcarts.com/evolution-forester-4-plus/,content_interaction,phone_click,5,"May 22, 2025",Organic Search,google / organic,1,
https://guildgolfcarts.com/evolution-forester-4-plus/,content_interaction,phone_click,5,"May 26, 2025",Organic Shopping,google / organic,1,
https://guildgolfcarts.com/evolution-forester-6-plus/,form_interaction,form_submission,2,"Feb 15, 2025",Paid Search,google / cpc,2,0
https://guildgolfcarts.com/evolution-forester-6-plus/,form_interaction,form_submission,3,"Mar 4, 2025",Organic Search,yahoo / organic,1,0
https://guildgolfcarts.com/evolution-forester-6-plus/,form_interaction,form_submission,3,"Mar 7, 2025",Referral,safe.menlosecurity.com / referral,1,0
https://guildgolfcarts.com/evolution-forester-6-plus/,form_interaction,form_submission,5,"May 26, 2025",Organic Search,google / organic,1,
https://guildgolfcarts.com/evolution-golf-carts/,form_interaction,form_submission,7,"Jul 12, 2025",Organic Search,google / organic,2,
https://guildgolfcarts.com/evolution-golf-carts/,content_interaction,phone_click,9,"Sep 23, 2025",Organic Search,google / organic,2,
https://guildgolfcarts.com/evolution-golf-carts/,financing_leads,(not set),6,"Jun 10, 2025",Paid Search,google / cpc,1,
https://guildgolfcarts.com/evolution-golf-carts/,financing_leads,(not set),6,"Jun 11, 2025",Unassigned,chatgpt.com / (not set),1,
https://guildgolfcarts.com/evolution-golf-carts/,financing_leads,(not set),7,"Jul 3, 2025",Paid Search,google / cpc,1,
https://guildgolfcarts.com/evolution-golf-carts/,financing_leads,(not set),8,"Aug 28, 2025",Organic Search,google / organic,1,
https://guildgolfcarts.com/evolution-golf-carts/,financing_leads,(not set),9,"Sep 9, 2025",Organic Search,google / organic,1,
https://guildgolfcarts.com/evolution-golf-carts/,financing_leads,(not set),11,"Nov 12, 2025",Organic Search,google / organic,1,
https://guildgolfcarts.com/evolution-golf-carts/,financing_leads,(not set),11,"Nov 23, 2025",Organic Search,google / organic,1,
https://guildgolfcarts.com/evolution-golf-carts/,financing_leads,(not set),2,"Feb 1, 2026",Paid Search,google / cpc,1,
https://guildgolfcarts.com/evolution-golf-carts/,financing_leads,(not set),3,"Mar 30, 2026",Organic Search,google / organic,1,
https://guildgolfcarts.com/evolution-golf-carts/,content_interaction,phone_click,7,"Jul 22, 2025",Direct,(direct) / (none),1,
https://guildgolfcarts.com/evolution-golf-carts/,content_interaction,phone_click,10,"Oct 15, 2025",Organic Search,google / organic,1,
https://guildgolfcarts.com/evolution-golf-carts/,content_interaction,phone_click,11,"Nov 17, 2025",Organic Search,google / organic,1,
https://guildgolfcarts.com/evolution-golf-carts/,content_interaction,phone_click,1,"Jan 17, 2026",Organic Search,google / organic,1,
https://guildgolfcarts.com/evolution-turfman-1000-pro/?srsltid=ChAI8NuuxgYQxfG5qZq1zPhoElEAU1sZL%2Fukq0pslhDfORFquidTlgsGx7P%2F8bBIP43BaKef9oJkyzGRzFXhwTrWxj8E97KruKQhXSZR47oz7rMOOlOJ32auN%2BWqrS8Y9VOq62caAoOc,form_interaction,form_submission,9,"Sep 18, 2025",Organic Search,google / organic,1,
https://guildgolfcarts.com/evolution-turfman-1000-pro/,form_interaction,form_submission,2,"Feb 10, 2026",Direct,(direct) / (none),1,
https://guildgolfcarts.com/evolution-turfman-1000-pro/,form_interaction,form_submission,3,"Mar 11, 2026",Organic Search,google / organic,1,
https://guildgolfcarts.com/evolution-turfman-1000-pro/,content_interaction,phone_click,4,"Apr 24, 2025",Paid Search,google / cpc,1,
https://guildgolfcarts.com/evolution-turfman-200-utility-cart/,form_interaction,form_submission,2,"Feb 11, 2025",Organic Search,bing / organic,2,0
https://guildgolfcarts.com/evolution-turfman-200-utility-cart/,form_interaction,form_submission,11,"Nov 14, 2025",Organic Search,google / organic,2,
https://guildgolfcarts.com/evolution-turfman-200-utility-cart/,form_interaction,form_submission,3,"Mar 6, 2025",Organic Search,google / organic,1,0
https://guildgolfcarts.com/evolution-turfman-200-utility-cart/,form_interaction,form_submission,5,"May 16, 2025",Organic Search,bing / organic,1,
https://guildgolfcarts.com/evolution-turfman-200-utility-cart/,form_interaction,form_submission,7,"Jul 15, 2025",Organic Search,google / organic,1,
https://guildgolfcarts.com/evolution-turfman-200-utility-cart/,form_interaction,form_submission,8,"Aug 20, 2025",Organic Search,google / organic,1,
https://guildgolfcarts.com/evolution-turfman-200-utility-cart/,form_interaction,form_submission,8,"Aug 22, 2025",Organic Search,google / organic,1,
https://guildgolfcarts.com/evolution-turfman-200-utility-cart/?srsltid=ChEI8M2lxQYQ793Sk4ilgev2ARJRAFMayXJ%2BtFTRh5YIz0bq5k5XBxHl4bAI1GHxyXOcQ0Ub65JsDgL1gt61ISZDCbiMhF%2FegU0zxcd%2Fp5OYVkpf0Km70nflU1nQaf8apznXQrknGgKDxA%3D%3D,form_interaction,form_submission,8,"Aug 23, 2025",Organic Search,google / organic,1,
https://guildgolfcarts.com/evolution-turfman-200-utility-cart/?srsltid=ChEI8M2lxQYQ793Sk4ilgev2ARJRAFMayXJ5dVLpCb%2FoPwiRisuGbUMECRGuqTzMWbPHR5unA656qdfqa9GKCQtvI1mUgVrXBpXW3bFw6CwsxY4YhdCbs%2FBxquqtTk3YFp%2BWNYT4GgLNow%3D%3D,form_interaction,form_submission,8,"Aug 23, 2025",Organic Search,google / organic,1,
https://guildgolfcarts.com/evolution-turfman-200-utility-cart/?srsltid=ChEI8M2lxQYQ793Sk4ilgev2ARJRAFMayXK%2BlP9w3viYnniWVmu101fMk23FrEIJCVQ1Z5d8nsKQVfDrg7doSLQY%2FPu%2Bzj8uUynhEYocQJ%2BDXHBTUi7XIIuPbkJwAUmc0Ssoj%2FKRGgJezw%3D%3D,form_interaction,form_submission,8,"Aug 23, 2025",Organic Search,google / organic,1,
https://guildgolfcarts.com/evolution-turfman-200-utility-cart/?srsltid=ChEI8M2lxQYQ793Sk4ilgev2ARJRAFMayXK3id0UHxLJ0Iza%2B30FKVY%2FT7GeG%2BeszTPynhtyKO6%2B%2BcAv%2FmL%2FuHCP13E5zrTMP%2Fs1IAIIqts366sX9fxbExgXxe2zUbsN2KCFgB7nGgJdTA%3D%3D,form_interaction,form_submission,8,"Aug 23, 2025",Organic Search,google / organic,1,
https://guildgolfcarts.com/evolution-turfman-200-utility-cart/?srsltid=ChEI8M2lxQYQ793Sk4ilgev2ARJRAFMayXLer5FKF56Nj%2BOcHnCBTzADiQ7HiIRTUDErpOps9zgcmO1vIKuLzf1Lagz4F6DifyEle6WjuIQXWSpDL%2Fk%2Bo7HLrA0CR9%2B9HZ3%2B2i%2F1GgIacg%3D%3D,form_interaction,form_submission,8,"Aug 23, 2025",Organic Search,google / organic,1,
https://guildgolfcarts.com/evolution-turfman-200-utility-cart/,form_interaction,form_submission,11,"Nov 11, 2025",Paid Search,google / cpc,1,
https://guildgolfcarts.com/evolution-turfman-200-utility-cart/,form_interaction,form_submission,11,"Nov 24, 2025",Organic Search,google / organic,1,
https://guildgolfcarts.com/evolution-turfman-200-utility-cart/,form_interaction,form_submission,12,"Dec 23, 2025",Direct,(direct) / (none),1,
https://guildgolfcarts.com/evolution-turfman-200-utility-cart/,form_interaction,form_submission,1,"Jan 16, 2026",Organic Search,google / organic,1,
https://guildgolfcarts.com/evolution-turfman-200-utility-cart/,form_interaction,form_submission,1,"Jan 20, 2026",Organic Search,google / organic,1,
https://guildgolfcarts.com/evolution-turfman-200-utility-cart/,form_interaction,form_submission,1,"Jan 23, 2026",Direct,(direct) / (none),1,
https://guildgolfcarts.com/evolution-turfman-200-utility-cart/,content_interaction,phone_click,1,"Jan 9, 2026",Organic Search,yahoo / organic,1,
https://guildgolfcarts.com/evolution-turfman-800-pro/,form_interaction,form_submission,3,"Mar 9, 2025",Organic Search,google / organic,2,0
https://guildgolfcarts.com/evolution-turfman-800-pro/,form_interaction,form_submission,11,"Nov 18, 2025",Organic Search,google / organic,1,
https://guildgolfcarts.com/evolution-turfman-800-pro/,form_interaction,form_submission,2,"Feb 11, 2026",Organic Search,google / organic,1,
https://guildgolfcarts.com/evolution-turfman-800-pro/,form_interaction,form_submission,2,"Feb 16, 2026",Organic Search,google / organic,1,
https://guildgolfcarts.com/evolution-turfman-800-pro/,form_interaction,form_submission,3,"Mar 24, 2026",Organic Search,bing / organic,1,
https://guildgolfcarts.com/faqs/,form_interaction,form_submission,6,"Jun 19, 2025",Organic Search,bing / organic,4,
https://guildgolfcarts.com/faqs/,form_interaction,form_submission,6,"Jun 6, 2025",Organic Search,google / organic,1,
https://guildgolfcarts.com/faqs/,form_interaction,form_submission,12,"Dec 18, 2025",Organic Search,google / organic,1,
https://guildgolfcarts.com/faqs/,content_interaction,phone_click,7,"Jul 23, 2025",Organic Search,google / organic,1,
https://guildgolfcarts.com/golf-cart-accessories/,form_interaction,form_submission,2,"Feb 11, 2026",Paid Search,google / cpc,2,
https://guildgolfcarts.com/golf-cart-accessories/?srsltid=ChAI8K6IxwYQvKrCmvz4gLJoElEALTCJFTpf2atzuouePCGr2FcNMwJP4GxFrFOPSMJt6losBn3x5jSXq630dF18B7dOBKhXB1CBLAIlKOw1cZuRUMuu%2BviySM2S0cOeog6DdCMaAp%2By,form_interaction,form_submission,10,"Oct 5, 2025",Organic Search,google / organic,1,
https://guildgolfcarts.com/golf-cart-accessories/?srsltid=ChAI8K6IxwYQvKrCmvz4gLJoElEALTCJFXdjbnPCryOuqu8eMeKxRhP0LFMdYkI7BLnDlZd52ejU%2FExFa5NafjQgWVyqv0LAl%2B%2FryC6483SAhw5CV5Q0y69lxoJOBnphdegIJC8aArtf,form_interaction,form_submission,10,"Oct 5, 2025",Organic Search,google / organic,1,
https://guildgolfcarts.com/golf-cart-accessories/cooler-with-bracket/,form_interaction,form_submission,5,"May 27, 2025",Organic Search,google / organic,1,
https://guildgolfcarts.com/golf-cart-accessories/denago-110v-inverter/?srsltid=ChAI8IrJxgYQ4e3E64ayzLhRElEANw5izn0B97n4y9%2BTTWFok1tI5ISj0w0ZD5MhxjucJrRWl9uciK%2Ba3QT%2BQqqnEn9rSY85o32dkaHkXjn8LRe7K32ZBtFIn5uIdeiQTiTV9EgaAlPa,form_interaction,form_submission,9,"Sep 23, 2025",Organic Search,google / organic,1,
https://guildgolfcarts.com/golf-cart-accessories/denago-110v-inverter/?srsltid=ChAI8IrJxgYQ4e3E64ayzLhRElEANw5izoGwfVx5I04ALDEXktS351YSC%2BELjSZgt5l3xiBPcfRiKAj6GpI9nX%2BAs7gWbxN36%2Bh4jblamydgtjRvN926%2B4x89GaVdZZ9twcxOOwaAjLQ,form_interaction,form_submission,9,"Sep 23, 2025",Organic Search,google / organic,1,
https://guildgolfcarts.com/golf-cart-accessories/denago-110v-inverter/,form_interaction,form_submission,2,"Feb 12, 2026",Organic Search,bing / organic,1,
https://guildgolfcarts.com/golf-cart-accessories/denago-110v-inverter/,form_interaction,form_submission,2,"Feb 24, 2026",Organic Search,yahoo / organic,1,
https://guildgolfcarts.com/golf-cart-accessories/denago-led-sound-bar/,form_interaction,form_submission,7,"Jul 23, 2025",Organic Search,bing / organic,1,
https://guildgolfcarts.com/golf-cart-accessories/denago-led-sound-bar/,form_interaction,form_submission,11,"Nov 10, 2025",Organic Search,bing / organic,1,
https://guildgolfcarts.com/golf-cart-accessories/denago-led-sound-bar/,form_interaction,form_submission,2,"Feb 26, 2026",Organic Search,google / organic,1,
https://guildgolfcarts.com/golf-cart-accessories/denago-led-sound-bar/?srsltid=ChEI8ODzzQYQtMTHxoC5jLfbARJRADKDkNsl%2F6nMrpDzeAbm58dlKOKe9TNpKNmUorhxTLIQ5MJr7ZptOAZiF0oNO779C41eV8dxdJOpq96v0cVw5JkHdmwe98lf%2BoMCCmnWUGxGGgLnJQ%3D%3D,form_interaction,form_submission,3,"Mar 20, 2026",Organic Search,google / organic,1,
https://guildgolfcarts.com/golf-cart-accessories/denago-led-sound-bar/?srsltid=ChEI8ODzzQYQtMTHxoC5jLfbARJRADKDkNuvJBwYQW9cifuxP86qiP1DgZ2aQCWcV%2FjZE0h7g7%2F%2FZfJQlGz3HVLwu%2BjgFU6bcJlEqYTMX7VC%2BMQXiFcMbbdhpie%2BSu4IrCYm%2BhGOGgIEbg%3D%3D,form_interaction,form_submission,3,"Mar 20, 2026",Organic Search,google / organic,1,
https://guildgolfcarts.com/golf-cart-accessories/denago-led-sound-bar/?srsltid=ChAI8IrJxgYQ4e3E64ayzLhRElEANw5izhntSjnFGeQBKHXxohQAaGHtnvo2uOsBDrVVtPQ8wzCSV52mdNrKKmsDWHf4W0%2Fid8Ek6sUo22WvUSY7qsB%2FyT29wgXfCVy5vvk9wpIaAlNQ,content_interaction,phone_click,9,"Sep 23, 2025",Organic Search,google / organic,1,
https://guildgolfcarts.com/golf-cart-accessories/denago-led-sound-bar/?srsltid=ChAI8IrJxgYQ4e3E64ayzLhRElEANw5iztyyRNQelsRSR5MHRlJUVL5cXJ0ciq9KBCQb9uhlMCCWLlFqARpF6t7qIvMezo9Hzrs1FPfslRoYhtu6OUF3YjsGgoX1xu0qtgE2k%2FoaAtLB,content_interaction,phone_click,9,"Sep 23, 2025",Organic Search,google / organic,1,
https://guildgolfcarts.com/golf-cart-accessories/denago-rear-storage-bag-attachment/,form_interaction,form_submission,9,"Sep 27, 2025",Organic Search,google / organic,2,
https://guildgolfcarts.com/golf-cart-accessories/denago-rear-storage-bag-attachment/,form_interaction,form_submission,7,"Jul 27, 2025",Organic Search,google / organic,1,
https://guildgolfcarts.com/golf-cart-accessories/denago-rear-storage-bag-attachment/?srsltid=ChEI8NOByAYQpND60a%2FF7PGSARJRAHfqnrmdr4yhnWSOnzRbUUb%2Bdfc5rHKddKKgTwXm5LtBVFx8ivfGqympqANt6kQht9Yp23Y0kHdAY3jcKYCgDBwcA7Gc5bsMTCW1UYpxD2KZGgJFfA%3D%3D,form_interaction,form_submission,10,"Oct 28, 2025",Organic Search,google / organic,1,
https://guildgolfcarts.com/golf-cart-accessories/denago-rear-storage-bag-attachment/?srsltid=ChEI8NOByAYQpND60a%2FF7PGSARJRAHfqnrnODdgNLdZ6sLVRb0oSQ2mb0tGPfrHJET%2BYCtKNdTfW%2BFqXeulEUSyAPyTEDc0gcdrpddRR4ZC1Q9%2BqCueiq5D88KHDvoIt1g%2FzxxINGgLCfw%3D%3D,form_interaction,form_submission,10,"Oct 28, 2025",Organic Search,google / organic,1,
https://guildgolfcarts.com/golf-cart-accessories/denago-rear-storage-bag-attachment/,content_interaction,phone_click,8,"Aug 4, 2025",Organic Search,google / organic,1,
https://guildgolfcarts.com/golf-cart-accessories/denago-rear-storage-tray/,form_interaction,form_submission,2,"Feb 18, 2026",Organic Search,yahoo / organic,2,
https://guildgolfcarts.com/golf-cart-accessories/led-underglow-lights/,form_interaction,form_submission,9,"Sep 2, 2025",Organic Search,google / organic,1,
https://guildgolfcarts.com/golf-cart-accessories/locking-glove-box-covers/,form_interaction,form_submission,5,"May 4, 2025",Organic Search,google / organic,1,
https://guildgolfcarts.com/golf-cart-enclosure/,form_interaction,form_submission,10,"Oct 10, 2025",Organic Search,google / organic,6,
https://guildgolfcarts.com/golf-cart-enclosure/,form_interaction,form_submission,10,"Oct 10, 2025",Direct,(direct) / (none),4,
https://guildgolfcarts.com/golf-cart-enclosure/,form_interaction,form_submission,10,"Oct 23, 2025",Organic Search,google / organic,3,
https://guildgolfcarts.com/golf-cart-enclosure/,form_interaction,form_submission,10,"Oct 25, 2025",Organic Search,google / organic,3,
https://guildgolfcarts.com/golf-cart-enclosure/,form_interaction,form_submission,5,"May 27, 2025",Referral,atvtrader.com / referral,2,
https://guildgolfcarts.com/golf-cart-enclosure/,form_interaction,form_submission,10,"Oct 12, 2025",Organic Social,lm.facebook.com / referral,2,
https://guildgolfcarts.com/golf-cart-enclosure/,form_interaction,form_submission,10,"Oct 13, 2025",Organic Search,google / organic,2,
https://guildgolfcarts.com/golf-cart-enclosure/,form_interaction,form_submission,10,"Oct 14, 2025",Organic Search,duckduckgo / organic,2,
https://guildgolfcarts.com/golf-cart-enclosure/,form_interaction,form_submission,10,"Oct 29, 2025",Organic Search,google / organic,2,
https://guildgolfcarts.com/golf-cart-enclosure/,form_interaction,form_submission,11,"Nov 7, 2025",Organic Search,google / organic,2,
https://guildgolfcarts.com/golf-cart-enclosure/,form_interaction,form_submission,1,"Jan 5, 2026",Organic Search,google / organic,2,
https://guildgolfcarts.com/golf-cart-enclosure/,form_interaction,form_submission,1,"Jan 21, 2026",Organic Search,google / organic,2,
https://guildgolfcarts.com/golf-cart-enclosure/,form_interaction,form_submission,5,"May 3, 2025",Organic Search,google / organic,1,
https://guildgolfcarts.com/golf-cart-enclosure/?srsltid=ChEI8MiDwwYQptGjwtHk5e6PARJRAPmnhQOndAm6z9x8%2FT9R94BxFahS4u2A53hvR4ag8Q7As%2BgpqRFNVDrJhynFRIYxGSx8fUaj%2FQ6aF39AiPMZYAbtTfnS5xHEMqgnfCOiJ5sCGgIIQA%3D%3D,form_interaction,form_submission,6,"Jun 29, 2025",Organic Search,google / organic,1,
https://guildgolfcarts.com/golf-cart-enclosure/,form_interaction,form_submission,7,"Jul 24, 2025",Organic Search,google / organic,1,
https://guildgolfcarts.com/golf-cart-enclosure/,form_interaction,form_submission,7,"Jul 30, 2025",Organic Search,google / organic,1,
https://guildgolfcarts.com/golf-cart-enclosure/,form_interaction,form_submission,10,"Oct 4, 2025",Organic Search,google / organic,1,
https://guildgolfcarts.com/golf-cart-enclosure/,form_interaction,form_submission,10,"Oct 11, 2025",Organic Social,m.facebook.com / referral,1,
https://guildgolfcarts.com/golf-cart-enclosure/,form_interaction,form_submission,10,"Oct 12, 2025",Organic Social,m.facebook.com / referral,1,
https://guildgolfcarts.com/golf-cart-enclosure/,form_interaction,form_submission,10,"Oct 18, 2025",Paid Search,google / cpc,1,
https://guildgolfcarts.com/golf-cart-enclosure/,form_interaction,form_submission,10,"Oct 21, 2025",Organic Social,m.facebook.com / referral,1,
https://guildgolfcarts.com/golf-cart-enclosure/?srsltid=ChAIgLfGyAYQ7%2FHzw%2FLb6J1GElEAXtOOpWdOG6gG4VbwBnUO6Qzfbd%2FfetUEMzNDuLPt6f%2FcuP381rZ7VxdnL8h2hPZSbLjsDFyGbHXDCgMCtn7pCmykIvrcFBWJFzR5eYkhHd8aArQH,form_interaction,form_submission,11,"Nov 10, 2025",Organic Search,google / organic,1,
https://guildgolfcarts.com/golf-cart-enclosure/,form_interaction,form_submission,11,"Nov 13, 2025",Organic Social,m.facebook.com / referral,1,
https://guildgolfcarts.com/golf-cart-enclosure/?srsltid=ChAIgLm6yQYQv8XHxsPJmcAYElEASw04WWZCsVuOXSXszWb4bTFglqKCGN59vvKJmq5NLrY0RE0u%2Fao5CJ0GauQ1%2B2L%2FMX59tVDNH7KOl3Gai2tZYqlv0h3PrSxNqIz4VKQBpbIaAptJ,form_interaction,form_submission,12,"Dec 2, 2025",Organic Search,google / organic,1,
https://guildgolfcarts.com/golf-cart-enclosure/?srsltid=ChAIgLm6yQYQv8XHxsPJmcAYElEASw04WbPsoPmkTP6sqljSw7iqAdoBit%2Btg9osYIn8FLTSXXqd34knKfREyVW%2BtbGlccfVsTPIcNQ4bZNDbq62%2FHPK1980xbDoim2KkM3sz2caAmcv,form_interaction,form_submission,12,"Dec 2, 2025",Organic Search,google / organic,1,
https://guildgolfcarts.com/golf-cart-enclosure/?srsltid=ChAIgLm6yQYQv8XHxsPJmcAYElEASw04WfCPavnBhkPBpZ%2BctDhTPHKg2jSqsUMU5xQa6oDDpS%2FBdr99h%2F%2B8uRcSh4VqKavMgJ11UYQIEYpeF7kjTrqlN2noSEv3b%2F68bhppIFYaAlPu,form_interaction,form_submission,12,"Dec 2, 2025",Organic Search,google / organic,1,
https://guildgolfcarts.com/golf-cart-enclosure/?srsltid=ChEIgNy%2FyQYQ49OP0oz9hemUARJRAPvm9E7%2FaqIj5WCmnA77Sc8zK5Wv8nIbBM9Rsbgp1tNGStMq0H0%2BiWdM5KBr0T4yL6dpZzUKy5tE4mbekJZP6SrYmeDfEdweiqvphYlgcE17GgJj3A%3D%3D,form_interaction,form_submission,12,"Dec 3, 2025",Organic Search,google / organic,1,
https://guildgolfcarts.com/golf-cart-enclosure/,form_interaction,form_submission,12,"Dec 4, 2025",Organic Search,bing / organic,1,
https://guildgolfcarts.com/golf-cart-enclosure/,form_interaction,form_submission,12,"Dec 4, 2025",Organic Search,google / organic,1,
https://guildgolfcarts.com/golf-cart-enclosure/?srsltid=ChAIgP%2FEyQYQh9m0guabg6R5ElEALrCoGmh%2BGdzSDe6%2BvfexVRgXPHJqevWpHB7GPoX%2Fl0uW0UG0BgwSlFFbaUdOPCeAbzUqKk3aZ0B4F51HEC8Dxp2cJitSmfzo26h5JhB73mcaAn6A,form_interaction,form_submission,12,"Dec 4, 2025",Organic Search,google / organic,1,
https://guildgolfcarts.com/golf-cart-enclosure/,form_interaction,form_submission,3,"Mar 4, 2026",Direct,(direct) / (none),1,
https://guildgolfcarts.com/golf-cart-enclosure/?srsltid=ChEI8LyRyAYQ6bDBj5ag2u2CARJRACz4ZBZCbcVfN3JWhMBPXyaez2LvkuXCb62VP9cD4bPSpALM%2BlBj9LfmWV3rteZ6DYHwj2gxyErFYF5rjjF48UpPzv6cyN6stlArGnEqYVx9GgJN6g%3D%3D,content_interaction,phone_click,10,"Oct 31, 2025",Organic Search,google / organic,1,
https://guildgolfcarts.com/golf-cart-enclosure/?srsltid=ChEI8LyRyAYQ6bDBj5ag2u2CARJRACz4ZBZCbcVfN3JWhMBPXyaez2LvkuXCb62VP9cD4bPSpALM%2BlBj9LfmWV3rteZ6DYHwj2gxyErFYF5rjjF48UpPzv6cyN6stlArGnEqYVx9GgJN6g%3D%3D,session_start,phone_click,10,"Oct 31, 2025",Organic Search,google / organic,1,
https://guildgolfcarts.com/golf-cart-financing/,financing_leads,(not set),6,"Jun 26, 2025",Organic Search,google / organic,7,
https://guildgolfcarts.com/golf-cart-financing/,financing_leads,(not set),8,"Aug 19, 2025",Direct,(direct) / (none),1,
https://guildgolfcarts.com/golf-cart-financing/,financing_leads,(not set),3,"Mar 8, 2025",Organic Search,google / organic,5,0
https://guildgolfcarts.com/golf-cart-financing/,financing_leads,(not set),4,"Apr 20, 2025",Organic Search,google / organic,5,
https://guildgolfcarts.com/golf-cart-financing/,financing_leads,(not set),4,"Apr 23, 2025",Organic Search,google / organic,5,
https://guildgolfcarts.com/golf-cart-financing/,financing_leads,(not set),5,"May 6, 2025",Organic Search,google / organic,5,
https://guildgolfcarts.com/golf-cart-financing/,financing_leads,(not set),5,"May 13, 2025",Organic Search,google / organic,5,
https://guildgolfcarts.com/golf-cart-financing/,financing_leads,(not set),5,"May 15, 2025",Organic Search,google / organic,5,
https://guildgolfcarts.com/golf-cart-financing/,financing_leads,(not set),11,"Nov 17, 2025",Organic Search,google / organic,5,
https://guildgolfcarts.com/golf-cart-financing/,financing_leads,(not set),1,"Jan 6, 2026",Direct,(direct) / (none),5,
https://guildgolfcarts.com/golf-cart-financing/,financing_leads,(not set),2,"Feb 22, 2025",Organic Search,google / organic,4,0
https://guildgolfcarts.com/golf-cart-financing/,financing_leads,(not set),2,"Feb 23, 2025",Organic Search,google / organic,4,0
https://guildgolfcarts.com/golf-cart-financing/,financing_leads,(not set),3,"Mar 26, 2025",Organic Search,google / organic,4,0
https://guildgolfcarts.com/golf-cart-financing/,financing_leads,(not set),3,"Mar 28, 2025",Direct,(direct) / (none),4,0
https://guildgolfcarts.com/golf-cart-financing/,financing_leads,(not set),3,"Mar 31, 2025",Organic Search,google / organic,4,0
https://guildgolfcarts.com/golf-cart-financing/,financing_leads,(not set),4,"Apr 18, 2025",Organic Search,google / organic,4,
https://guildgolfcarts.com/golf-cart-financing/,financing_leads,(not set),5,"May 23, 2025",Organic Search,google / organic,4,
https://guildgolfcarts.com/golf-cart-financing/,financing_leads,(not set),7,"Jul 9, 2025",Direct,(direct) / (none),4,
https://guildgolfcarts.com/golf-cart-financing/,financing_leads,(not set),7,"Jul 29, 2025",Organic Search,yahoo / organic,4,
https://guildgolfcarts.com/golf-cart-financing/,financing_leads,(not set),2,"Feb 10, 2026",Direct,(direct) / (none),4,
https://guildgolfcarts.com/golf-cart-financing/,financing_leads,(not set),3,"Mar 13, 2026",Direct,(direct) / (none),4,
https://guildgolfcarts.com/golf-cart-financing/,financing_leads,(not set),3,"Mar 1, 2025",Organic Search,google / organic,3,0
https://guildgolfcarts.com/golf-cart-financing/,financing_leads,(not set),3,"Mar 3, 2025",Direct,(direct) / (none),3,0
https://guildgolfcarts.com/golf-cart-financing/,financing_leads,(not set),3,"Mar 5, 2025",Organic Search,google / organic,3,0
https://guildgolfcarts.com/golf-cart-financing/,financing_leads,(not set),3,"Mar 6, 2025",Organic Search,google / organic,3,0
https://guildgolfcarts.com/golf-cart-financing/,financing_leads,(not set),3,"Mar 8, 2025",Direct,(direct) / (none),3,0
https://guildgolfcarts.com/golf-cart-financing/,financing_leads,(not set),3,"Mar 11, 2025",Direct,(direct) / (none),3,0
https://guildgolfcarts.com/golf-cart-financing/,financing_leads,(not set),3,"Mar 12, 2025",Organic Search,google / organic,3,0
https://guildgolfcarts.com/golf-cart-financing/,financing_leads,(not set),3,"Mar 15, 2025",Organic Search,google / organic,3,0
https://guildgolfcarts.com/golf-cart-financing/,financing_leads,(not set),3,"Mar 21, 2025",Direct,(direct) / (none),3,0
https://guildgolfcarts.com/golf-cart-financing/,financing_leads,(not set),3,"Mar 21, 2025",Paid Search,google / cpc,3,0
https://guildgolfcarts.com/golf-cart-financing/,financing_leads,(not set),4,"Apr 3, 2025",Organic Search,google / organic,3,0
https://guildgolfcarts.com/golf-cart-financing/,financing_leads,(not set),4,"Apr 11, 2025",Organic Search,google / organic,3,
https://guildgolfcarts.com/golf-cart-financing/,financing_leads,(not set),5,"May 8, 2025",Organic Search,google / organic,3,
https://guildgolfcarts.com/golf-cart-financing/,financing_leads,(not set),5,"May 30, 2025",Organic Search,google / organic,3,
https://guildgolfcarts.com/golf-cart-financing/,financing_leads,(not set),6,"Jun 2, 2025",Organic Search,google / organic,3,
https://guildgolfcarts.com/golf-cart-financing/,financing_leads,(not set),6,"Jun 6, 2025",Direct,(direct) / (none),3,
https://guildgolfcarts.com/golf-cart-financing/,financing_leads,(not set),6,"Jun 6, 2025",Organic Search,google / organic,3,
https://guildgolfcarts.com/golf-cart-financing/,financing_leads,(not set),6,"Jun 8, 2025",Paid Search,google / cpc,3,
https://guildgolfcarts.com/golf-cart-financing/,financing_leads,(not set),6,"Jun 11, 2025",Organic Search,google / organic,3,
https://guildgolfcarts.com/golf-cart-financing/,financing_leads,(not set),6,"Jun 19, 2025",Organic Search,google / organic,3,
https://guildgolfcarts.com/golf-cart-financing/,financing_leads,(not set),7,"Jul 1, 2025",Organic Search,google / organic,3,
https://guildgolfcarts.com/golf-cart-financing/,financing_leads,(not set),7,"Jul 3, 2025",Organic Search,google / organic,3,
https://guildgolfcarts.com/golf-cart-financing/,financing_leads,(not set),7,"Jul 13, 2025",Organic Search,google / organic,3,
https://guildgolfcarts.com/golf-cart-financing/,financing_leads,(not set),7,"Jul 28, 2025",Direct,(direct) / (none),3,
https://guildgolfcarts.com/golf-cart-financing/,financing_leads,(not set),7,"Jul 29, 2025",Organic Search,google / organic,3,
https://guildgolfcarts.com/golf-cart-financing/,financing_leads,(not set),7,"Jul 30, 2025",Organic Search,google / organic,3,
https://guildgolfcarts.com/golf-cart-financing/,financing_leads,(not set),8,"Aug 12, 2025",Organic Search,google / organic,3,
https://guildgolfcarts.com/golf-cart-financing/,financing_leads,(not set),8,"Aug 20, 2025",Organic Search,google / organic,3,
https://guildgolfcarts.com/golf-cart-financing/,financing_leads,(not set),8,"Aug 26, 2025",Organic Search,google / organic,3,
https://guildgolfcarts.com/golf-cart-financing/,financing_leads,(not set),9,"Sep 20, 2025",Organic Search,bing / organic,3,
https://guildgolfcarts.com/golf-cart-financing/,financing_leads,(not set),2,"Feb 11, 2026",Organic Search,google / organic,3,
https://guildgolfcarts.com/golf-cart-financing/,financing_leads,(not set),2,"Feb 18, 2026",Direct,(direct) / (none),3,
https://guildgolfcarts.com/golf-cart-financing/,financing_leads,(not set),2,"Feb 28, 2026",Direct,(direct) / (none),3,
https://guildgolfcarts.com/golf-cart-financing/,financing_leads,(not set),3,"Mar 2, 2026",Organic Search,google / organic,3,
https://guildgolfcarts.com/golf-cart-financing/,financing_leads,(not set),3,"Mar 9, 2026",Direct,(direct) / (none),3,
https://guildgolfcarts.com/golf-cart-financing/,financing_leads,(not set),4,"Apr 2, 2026",Organic Search,google / organic,3,
https://guildgolfcarts.com/golf-cart-financing/,financing_leads,(not set),4,"Apr 3, 2026",Direct,(direct) / (none),3,
https://guildgolfcarts.com/golf-cart-financing/,financing_leads,(not set),2,"Feb 18, 2025",Referral,thesportshows.com / referral,2,0
https://guildgolfcarts.com/golf-cart-financing/,financing_leads,(not set),2,"Feb 28, 2025",Direct,(direct) / (none),2,0
https://guildgolfcarts.com/golf-cart-financing/,financing_leads,(not set),3,"Mar 2, 2025",Organic Search,google / organic,2,0
https://guildgolfcarts.com/golf-cart-financing/,financing_leads,(not set),3,"Mar 10, 2025",Direct,(direct) / (none),2,0
https://guildgolfcarts.com/golf-cart-financing/,financing_leads,(not set),3,"Mar 12, 2025",Organic Search,bing / organic,2,0
https://guildgolfcarts.com/golf-cart-financing/,financing_leads,(not set),3,"Mar 13, 2025",Organic Search,google / organic,2,0
https://guildgolfcarts.com/golf-cart-financing/,financing_leads,(not set),3,"Mar 15, 2025",Paid Search,google / cpc,2,0
https://guildgolfcarts.com/golf-cart-financing/,financing_leads,(not set),3,"Mar 18, 2025",Direct,(direct) / (none),2,0
https://guildgolfcarts.com/golf-cart-financing/,financing_leads,(not set),3,"Mar 19, 2025",Direct,(direct) / (none),2,0
https://guildgolfcarts.com/golf-cart-financing/,financing_leads,(not set),4,"Apr 6, 2025",Paid Search,google / cpc,2,0
https://guildgolfcarts.com/golf-cart-financing/,financing_leads,(not set),4,"Apr 13, 2025",Organic Search,google / organic,2,
https://guildgolfcarts.com/golf-cart-financing/,financing_leads,(not set),4,"Apr 27, 2025",Direct,(direct) / (none),2,
https://guildgolfcarts.com/golf-cart-financing/,financing_leads,(not set),4,"Apr 28, 2025",Organic Search,google / organic,2,
https://guildgolfcarts.com/golf-cart-financing/,financing_leads,(not set),4,"Apr 29, 2025",Organic Search,google / organic,2,
https://guildgolfcarts.com/golf-cart-financing/,financing_leads,(not set),5,"May 15, 2025",Paid Search,google / cpc,2,
https://guildgolfcarts.com/golf-cart-financing/,financing_leads,(not set),5,"May 19, 2025",Organic Search,google / organic,2,
https://guildgolfcarts.com/golf-cart-financing/,financing_leads,(not set),5,"May 27, 2025",Organic Search,google / organic,2,
https://guildgolfcarts.com/golf-cart-financing/,financing_leads,(not set),5,"May 28, 2025",Direct,(direct) / (none),2,
https://guildgolfcarts.com/golf-cart-financing/,financing_leads,(not set),6,"Jun 2, 2025",Direct,(direct) / (none),2,
https://guildgolfcarts.com/golf-cart-financing/,financing_leads,(not set),6,"Jun 3, 2025",Organic Search,google / organic,2,
https://guildgolfcarts.com/golf-cart-financing/,financing_leads,(not set),6,"Jun 9, 2025",Organic Search,google / organic,2,
https://guildgolfcarts.com/golf-cart-financing/,financing_leads,(not set),6,"Jun 10, 2025",Organic Search,google / organic,2,
https://guildgolfcarts.com/golf-cart-financing/,financing_leads,(not set),6,"Jun 11, 2025",Direct,(direct) / (none),2,
https://guildgolfcarts.com/golf-cart-financing/,financing_leads,(not set),6,"Jun 12, 2025",Direct,(direct) / (none),2,
https://guildgolfcarts.com/golf-cart-financing/,financing_leads,(not set),6,"Jun 16, 2025",Organic Search,google / organic,2,
https://guildgolfcarts.com/golf-cart-financing/,financing_leads,(not set),6,"Jun 17, 2025",Organic Search,google / organic,2,
https://guildgolfcarts.com/golf-cart-financing/,financing_leads,(not set),6,"Jun 19, 2025",Direct,(direct) / (none),2,
https://guildgolfcarts.com/golf-cart-financing/,financing_leads,(not set),6,"Jun 20, 2025",Organic Search,google / organic,2,
https://guildgolfcarts.com/golf-cart-financing/,financing_leads,(not set),6,"Jun 28, 2025",Organic Search,google / organic,2,
https://guildgolfcarts.com/golf-cart-financing/,financing_leads,(not set),7,"Jul 2, 2025",Organic Search,google / organic,2,
https://guildgolfcarts.com/golf-cart-financing/,financing_leads,(not set),7,"Jul 4, 2025",Organic Search,google / organic,2,
https://guildgolfcarts.com/golf-cart-financing/,financing_leads,(not set),7,"Jul 6, 2025",Organic Search,google / organic,2,
https://guildgolfcarts.com/golf-cart-financing/,financing_leads,(not set),7,"Jul 8, 2025",Organic Search,bing / organic,2,
https://guildgolfcarts.com/golf-cart-financing/,financing_leads,(not set),7,"Jul 10, 2025",Organic Search,bing / organic,2,
https://guildgolfcarts.com/golf-cart-financing/,financing_leads,(not set),7,"Jul 11, 2025",Organic Search,google / organic,2,
https://guildgolfcarts.com/golf-cart-financing/,financing_leads,(not set),8,"Aug 8, 2025",Organic Search,yahoo / organic,2,
https://guildgolfcarts.com/golf-cart-financing/,financing_leads,(not set),8,"Aug 11, 2025",Organic Search,google / organic,2,
https://guildgolfcarts.com/golf-cart-financing/,financing_leads,(not set),8,"Aug 13, 2025",Organic Search,google / organic,2,
https://guildgolfcarts.com/golf-cart-financing/,financing_leads,(not set),8,"Aug 14, 2025",Organic Search,google / organic,2,
https://guildgolfcarts.com/golf-cart-financing/,financing_leads,(not set),8,"Aug 18, 2025",Organic Search,google / organic,2,
https://guildgolfcarts.com/golf-cart-financing/,financing_leads,(not set),8,"Aug 19, 2025",Organic Search,google / organic,2,
https://guildgolfcarts.com/golf-cart-financing/,financing_leads,(not set),9,"Sep 3, 2025",Organic Social,l.instagram.com / referral,2,
https://guildgolfcarts.com/golf-cart-financing/,financing_leads,(not set),9,"Sep 12, 2025",Organic Search,bing / organic,2,
https://guildgolfcarts.com/golf-cart-financing/,financing_leads,(not set),9,"Sep 18, 2025",Organic Search,google / organic,2,
https://guildgolfcarts.com/golf-cart-financing/,financing_leads,(not set),9,"Sep 24, 2025",Direct,(direct) / (none),2,
https://guildgolfcarts.com/golf-cart-financing/,financing_leads,(not set),10,"Oct 17, 2025",Organic Search,google / organic,2,
https://guildgolfcarts.com/golf-cart-financing/,financing_leads,(not set),10,"Oct 20, 2025",Organic Search,google / organic,2,
https://guildgolfcarts.com/golf-cart-financing/,financing_leads,(not set),10,"Oct 22, 2025",Organic Search,google / organic,2,
https://guildgolfcarts.com/golf-cart-financing/,financing_leads,(not set),11,"Nov 4, 2025",Direct,(direct) / (none),2,
https://guildgolfcarts.com/golf-cart-financing/,financing_leads,(not set),11,"Nov 4, 2025",Organic Search,google / organic,2,
https://guildgolfcarts.com/golf-cart-financing/,financing_leads,(not set),11,"Nov 7, 2025",Direct,(direct) / (none),2,
https://guildgolfcarts.com/golf-cart-financing/,financing_leads,(not set),11,"Nov 13, 2025",Direct,(direct) / (none),2,
https://guildgolfcarts.com/golf-cart-financing/,financing_leads,(not set),11,"Nov 22, 2025",Organic Search,google / organic,2,
https://guildgolfcarts.com/golf-cart-financing/,financing_leads,(not set),11,"Nov 25, 2025",Organic Search,bing / organic,2,
https://guildgolfcarts.com/golf-cart-financing/,financing_leads,(not set),12,"Dec 1, 2025",Organic Search,bing / organic,2,
https://guildgolfcarts.com/golf-cart-financing/,financing_leads,(not set),12,"Dec 5, 2025",Organic Search,google / organic,2,
https://guildgolfcarts.com/golf-cart-financing/,financing_leads,(not set),12,"Dec 8, 2025",Organic Search,google / organic,2,
https://guildgolfcarts.com/golf-cart-financing/,financing_leads,(not set),12,"Dec 10, 2025",Organic Search,google / organic,2,
https://guildgolfcarts.com/golf-cart-financing/,financing_leads,(not set),12,"Dec 22, 2025",Organic Search,google / organic,2,
https://guildgolfcarts.com/golf-cart-financing/,financing_leads,(not set),12,"Dec 25, 2025",Organic Search,google / organic,2,
https://guildgolfcarts.com/golf-cart-financing/,financing_leads,(not set),1,"Jan 7, 2026",Direct,(direct) / (none),2,
https://guildgolfcarts.com/golf-cart-financing/,financing_leads,(not set),1,"Jan 8, 2026",Organic Search,google / organic,2,
https://guildgolfcarts.com/golf-cart-financing/,financing_leads,(not set),1,"Jan 11, 2026",Organic Search,google / organic,2,
https://guildgolfcarts.com/golf-cart-financing/,financing_leads,(not set),1,"Jan 17, 2026",Organic Search,google / organic,2,
https://guildgolfcarts.com/golf-cart-financing/,financing_leads,(not set),1,"Jan 26, 2026",Organic Search,google / organic,2,
https://guildgolfcarts.com/golf-cart-financing/,financing_leads,(not set),2,"Feb 4, 2026",Organic Search,google / organic,2,
https://guildgolfcarts.com/golf-cart-financing/,financing_leads,(not set),2,"Feb 5, 2026",Direct,(direct) / (none),2,
https://guildgolfcarts.com/golf-cart-financing/,financing_leads,(not set),2,"Feb 19, 2026",Direct,(direct) / (none),2,
https://guildgolfcarts.com/golf-cart-financing/,financing_leads,(not set),2,"Feb 24, 2026",Organic Search,google / organic,2,
https://guildgolfcarts.com/golf-cart-financing/,financing_leads,(not set),3,"Mar 4, 2026",Direct,(direct) / (none),2,
https://guildgolfcarts.com/golf-cart-financing/,financing_leads,(not set),3,"Mar 10, 2026",Direct,(direct) / (none),2,
https://guildgolfcarts.com/golf-cart-financing/,financing_leads,(not set),3,"Mar 20, 2026",Direct,(direct) / (none),2,
https://guildgolfcarts.com/golf-cart-financing/,financing_leads,(not set),3,"Mar 22, 2026",Organic Search,yahoo / organic,2,
https://guildgolfcarts.com/golf-cart-financing/,financing_leads,(not set),3,"Mar 24, 2026",Organic Search,yahoo / organic,2,
https://guildgolfcarts.com/golf-cart-financing/,financing_leads,(not set),3,"Mar 25, 2026",Organic Search,google / organic,2,
https://guildgolfcarts.com/golf-cart-financing/,financing_leads,(not set),4,"Apr 2, 2026",Direct,(direct) / (none),2,
https://guildgolfcarts.com/golf-cart-financing/,financing_leads,(not set),4,"Apr 3, 2026",Organic Search,google / organic,2,
https://guildgolfcarts.com/golf-cart-financing/,financing_leads,(not set),4,"Apr 6, 2026",Organic Search,google / organic,2,
https://guildgolfcarts.com/golf-cart-financing/,financing_leads,(not set),4,"Apr 8, 2026",Direct,(direct) / (none),2,
https://guildgolfcarts.com/golf-cart-financing/,financing_leads,(not set),2,"Feb 10, 2025",Direct,(direct) / (none),1,0
https://guildgolfcarts.com/golf-cart-financing/,financing_leads,(not set),2,"Feb 10, 2025",Organic Search,google / organic,1,0
https://guildgolfcarts.com/golf-cart-financing/,financing_leads,(not set),2,"Feb 15, 2025",Organic Search,google / organic,1,0
https://guildgolfcarts.com/golf-cart-financing/,financing_leads,(not set),2,"Feb 16, 2025",Direct,(direct) / (none),1,0
https://guildgolfcarts.com/golf-cart-financing/,financing_leads,(not set),2,"Feb 17, 2025",Direct,(direct) / (none),1,0
https://guildgolfcarts.com/golf-cart-financing/,financing_leads,(not set),2,"Feb 21, 2025",Organic Search,google / organic,1,0
https://guildgolfcarts.com/golf-cart-financing/,financing_leads,(not set),2,"Feb 24, 2025",Organic Search,google / organic,1,0
https://guildgolfcarts.com/golf-cart-financing/,financing_leads,(not set),2,"Feb 25, 2025",Paid Search,google / cpc,1,0
https://guildgolfcarts.com/golf-cart-financing/,financing_leads,(not set),2,"Feb 26, 2025",Organic Search,google / organic,1,0
https://guildgolfcarts.com/golf-cart-financing/,financing_leads,(not set),2,"Feb 27, 2025",Organic Search,google / organic,1,0
https://guildgolfcarts.com/golf-cart-financing/?gad_source=1&gclid=CjwKCAiAt4C-BhBcEiwA8Kp0CZm1NOmPb96W0UFNY_2BiQXc5DWkSHr0Mz1V5HdfQeDTLoeytxiXVhoCWloQAvD_BwE,financing_leads,(not set),2,"Feb 27, 2025",Paid Search,google / cpc,1,0
https://guildgolfcarts.com/golf-cart-financing/,financing_leads,(not set),3,"Mar 2, 2025",Referral,thesportshows.com / referral,1,0
https://guildgolfcarts.com/golf-cart-financing/,financing_leads,(not set),3,"Mar 4, 2025",Direct,(direct) / (none),1,0
https://guildgolfcarts.com/golf-cart-financing/,financing_leads,(not set),3,"Mar 4, 2025",Organic Search,google / organic,1,0
https://guildgolfcarts.com/golf-cart-financing/,financing_leads,(not set),3,"Mar 5, 2025",Direct,(direct) / (none),1,0
https://guildgolfcarts.com/golf-cart-financing/,financing_leads,(not set),3,"Mar 6, 2025",Direct,(direct) / (none),1,0
https://guildgolfcarts.com/golf-cart-financing/,financing_leads,(not set),3,"Mar 9, 2025",Organic Search,google / organic,1,0
https://guildgolfcarts.com/golf-cart-financing/,financing_leads,(not set),3,"Mar 11, 2025",Organic Search,google / organic,1,0
https://guildgolfcarts.com/golf-cart-financing/,financing_leads,(not set),3,"Mar 12, 2025",Direct,(direct) / (none),1,0
https://guildgolfcarts.com/golf-cart-financing/,financing_leads,(not set),3,"Mar 14, 2025",Paid Search,google / cpc,1,0
https://guildgolfcarts.com/golf-cart-financing/,financing_leads,(not set),3,"Mar 16, 2025",Organic Search,google / organic,1,0
https://guildgolfcarts.com/golf-cart-financing/,financing_leads,(not set),3,"Mar 18, 2025",Organic Search,google / organic,1,0
https://guildgolfcarts.com/golf-cart-financing/,financing_leads,(not set),3,"Mar 19, 2025",Organic Search,bing / organic,1,0
https://guildgolfcarts.com/golf-cart-financing/,financing_leads,(not set),3,"Mar 21, 2025",Organic Search,google / organic,1,0
https://guildgolfcarts.com/golf-cart-financing/?gad_source=1&gbraid=0AAAAA-hiYqyVIj_lypq68KKTZgBFFIdgY&gclid=CjwKCAjwnPS-BhBxEiwAZjMF0h3k2ZxYdkR5F5MR1lyyfWAOYS0VzzON89CnjsL75b6h-mMpBq8b7xoCMWkQAvD_BwE,financing_leads,(not set),3,"Mar 21, 2025",Paid Search,google / cpc,1,0
https://guildgolfcarts.com/golf-cart-financing/,financing_leads,(not set),3,"Mar 22, 2025",Direct,(direct) / (none),1,0
https://guildgolfcarts.com/golf-cart-financing/,financing_leads,(not set),3,"Mar 23, 2025",Organic Search,google / organic,1,0
https://guildgolfcarts.com/golf-cart-financing/,financing_leads,(not set),3,"Mar 25, 2025",Organic Search,google / organic,1,0
https://guildgolfcarts.com/golf-cart-financing/,financing_leads,(not set),3,"Mar 29, 2025",Organic Search,google / organic,1,0
https://guildgolfcarts.com/golf-cart-financing/,financing_leads,(not set),3,"Mar 30, 2025",Organic Search,google / organic,1,0
https://guildgolfcarts.com/golf-cart-financing/,financing_leads,(not set),4,"Apr 4, 2025",Direct,(direct) / (none),1,0
https://guildgolfcarts.com/golf-cart-financing/,financing_leads,(not set),4,"Apr 4, 2025",Organic Search,google / organic,1,0
https://guildgolfcarts.com/golf-cart-financing/,financing_leads,(not set),4,"Apr 6, 2025",Direct,(direct) / (none),1,0
https://guildgolfcarts.com/golf-cart-financing/,financing_leads,(not set),4,"Apr 7, 2025",Organic Search,google / organic,1,0
https://guildgolfcarts.com/golf-cart-financing/,financing_leads,(not set),4,"Apr 10, 2025",Paid Search,google / cpc,1,0
https://guildgolfcarts.com/golf-cart-financing/,financing_leads,(not set),4,"Apr 12, 2025",Organic Search,duckduckgo / organic,1,
https://guildgolfcarts.com/golf-cart-financing/,financing_leads,(not set),4,"Apr 15, 2025",Organic Search,google / organic,1,
https://guildgolfcarts.com/golf-cart-financing/,financing_leads,(not set),4,"Apr 16, 2025",Paid Search,google / cpc,1,
https://guildgolfcarts.com/golf-cart-financing/?gad_source=1&gbraid=0AAAAA-hiYqwSrzLP1r8v5lvbkBwO3tIMZ&gclid=Cj0KCQjwqv2_BhC0ARIsAFb5Ac8hfrfvokIlkCnaG9DuxPao_GIhWi8zOgdA1VdB6a01djCipyo7iZ8aAtbhEALw_wcB,financing_leads,(not set),4,"Apr 16, 2025",Paid Search,google / cpc,1,
https://guildgolfcarts.com/golf-cart-financing/,financing_leads,(not set),4,"Apr 17, 2025",Direct,(direct) / (none),1,
https://guildgolfcarts.com/golf-cart-financing/,financing_leads,(not set),4,"Apr 21, 2025",Direct,(direct) / (none),1,
https://guildgolfcarts.com/golf-cart-financing/,financing_leads,(not set),4,"Apr 21, 2025",Organic Search,google / organic,1,
https://guildgolfcarts.com/golf-cart-financing/,financing_leads,(not set),4,"Apr 22, 2025",Organic Search,bing / organic,1,
https://guildgolfcarts.com/golf-cart-financing/,financing_leads,(not set),4,"Apr 22, 2025",Paid Search,google / cpc,1,
https://guildgolfcarts.com/golf-cart-financing/,financing_leads,(not set),4,"Apr 23, 2025",Direct,(direct) / (none),1,
https://guildgolfcarts.com/golf-cart-financing/,financing_leads,(not set),4,"Apr 24, 2025",Organic Search,bing / organic,1,
https://guildgolfcarts.com/golf-cart-financing/,financing_leads,(not set),4,"Apr 26, 2025",Organic Search,google / organic,1,
https://guildgolfcarts.com/golf-cart-financing/,financing_leads,(not set),4,"Apr 29, 2025",Direct,(direct) / (none),1,
https://guildgolfcarts.com/golf-cart-financing/,financing_leads,(not set),4,"Apr 30, 2025",Direct,(direct) / (none),1,
https://guildgolfcarts.com/golf-cart-financing/,financing_leads,(not set),5,"May 1, 2025",Organic Search,google / organic,1,
https://guildgolfcarts.com/golf-cart-financing/,financing_leads,(not set),5,"May 2, 2025",Organic Search,google / organic,1,
https://guildgolfcarts.com/golf-cart-financing/,financing_leads,(not set),5,"May 3, 2025",Organic Search,google / organic,1,
https://guildgolfcarts.com/golf-cart-financing/,financing_leads,(not set),5,"May 5, 2025",Organic Search,google / organic,1,
https://guildgolfcarts.com/golf-cart-financing/,financing_leads,(not set),5,"May 7, 2025",Paid Search,google / cpc,1,
https://guildgolfcarts.com/golf-cart-financing/,financing_leads,(not set),5,"May 7, 2025",Referral,atvtrader.com / referral,1,
https://guildgolfcarts.com/golf-cart-financing/,financing_leads,(not set),5,"May 9, 2025",Organic Search,google / organic,1,
https://guildgolfcarts.com/golf-cart-financing/,financing_leads,(not set),5,"May 11, 2025",Organic Search,google / organic,1,
https://guildgolfcarts.com/golf-cart-financing/,financing_leads,(not set),5,"May 12, 2025",Direct,(direct) / (none),1,
https://guildgolfcarts.com/golf-cart-financing/,financing_leads,(not set),5,"May 14, 2025",Organic Search,google / organic,1,
https://guildgolfcarts.com/golf-cart-financing/,financing_leads,(not set),5,"May 14, 2025",Paid Search,google / cpc,1,
https://guildgolfcarts.com/golf-cart-financing/,financing_leads,(not set),5,"May 16, 2025",Direct,(direct) / (none),1,
https://guildgolfcarts.com/golf-cart-financing/,financing_leads,(not set),5,"May 16, 2025",Paid Search,google / cpc,1,
https://guildgolfcarts.com/golf-cart-financing/,financing_leads,(not set),5,"May 18, 2025",Paid Search,google / cpc,1,
https://guildgolfcarts.com/golf-cart-financing/,financing_leads,(not set),5,"May 19, 2025",Organic Search,yahoo / organic,1,
https://guildgolfcarts.com/golf-cart-financing/,financing_leads,(not set),5,"May 20, 2025",Direct,(direct) / (none),1,
https://guildgolfcarts.com/golf-cart-financing/,financing_leads,(not set),5,"May 20, 2025",Organic Search,google / organic,1,
https://guildgolfcarts.com/golf-cart-financing/,financing_leads,(not set),5,"May 20, 2025",Paid Search,google / cpc,1,
https://guildgolfcarts.com/golf-cart-financing/,financing_leads,(not set),5,"May 23, 2025",Paid Search,google / cpc,1,
https://guildgolfcarts.com/golf-cart-financing/,financing_leads,(not set),5,"May 26, 2025",Direct,(direct) / (none),1,
https://guildgolfcarts.com/golf-cart-financing/,financing_leads,(not set),5,"May 26, 2025",Organic Search,bing / organic,1,
https://guildgolfcarts.com/golf-cart-financing/,financing_leads,(not set),5,"May 28, 2025",Paid Search,google / cpc,1,
https://guildgolfcarts.com/golf-cart-financing/,financing_leads,(not set),6,"Jun 6, 2025",Paid Search,google / cpc,1,
https://guildgolfcarts.com/golf-cart-financing/,financing_leads,(not set),6,"Jun 9, 2025",Referral,atvtrader.com / referral,1,
https://guildgolfcarts.com/golf-cart-financing/,financing_leads,(not set),6,"Jun 12, 2025",Organic Search,bing / organic,1,
https://guildgolfcarts.com/golf-cart-financing/,financing_leads,(not set),6,"Jun 12, 2025",Organic Search,google / organic,1,
https://guildgolfcarts.com/golf-cart-financing/,financing_leads,(not set),6,"Jun 13, 2025",Organic Search,google / organic,1,
https://guildgolfcarts.com/golf-cart-financing/,financing_leads,(not set),6,"Jun 18, 2025",Direct,(direct) / (none),1,
https://guildgolfcarts.com/golf-cart-financing/,financing_leads,(not set),6,"Jun 18, 2025",Organic Search,google / organic,1,
https://guildgolfcarts.com/golf-cart-financing/,financing_leads,(not set),6,"Jun 21, 2025",Organic Search,google / organic,1,
https://guildgolfcarts.com/golf-cart-financing/,financing_leads,(not set),6,"Jun 21, 2025",Paid Search,google / cpc,1,
https://guildgolfcarts.com/golf-cart-financing/,financing_leads,(not set),6,"Jun 23, 2025",Organic Search,duckduckgo / organic,1,
https://guildgolfcarts.com/golf-cart-financing/,financing_leads,(not set),6,"Jun 23, 2025",Organic Search,google / organic,1,
https://guildgolfcarts.com/golf-cart-financing/,financing_leads,(not set),6,"Jun 24, 2025",Organic Search,google / organic,1,
https://guildgolfcarts.com/golf-cart-financing/,financing_leads,(not set),6,"Jun 25, 2025",Direct,(direct) / (none),1,
https://guildgolfcarts.com/golf-cart-financing/,financing_leads,(not set),6,"Jun 25, 2025",Organic Search,google / organic,1,
https://guildgolfcarts.com/golf-cart-financing/,financing_leads,(not set),6,"Jun 28, 2025",Organic Search,bing / organic,1,
https://guildgolfcarts.com/golf-cart-financing/,financing_leads,(not set),6,"Jun 30, 2025",Direct,(direct) / (none),1,
https://guildgolfcarts.com/golf-cart-financing/,financing_leads,(not set),6,"Jun 30, 2025",Paid Search,google / cpc,1,
https://guildgolfcarts.com/golf-cart-financing/,financing_leads,(not set),7,"Jul 1, 2025",Direct,(direct) / (none),1,
https://guildgolfcarts.com/golf-cart-financing/,financing_leads,(not set),7,"Jul 6, 2025",Paid Search,google / cpc,1,
https://guildgolfcarts.com/golf-cart-financing/,financing_leads,(not set),7,"Jul 7, 2025",Organic Search,google / organic,1,
https://guildgolfcarts.com/golf-cart-financing/,financing_leads,(not set),7,"Jul 8, 2025",Organic Search,google / organic,1,
https://guildgolfcarts.com/golf-cart-financing/,financing_leads,(not set),7,"Jul 9, 2025",Organic Search,google / organic,1,
https://guildgolfcarts.com/golf-cart-financing/,financing_leads,(not set),7,"Jul 10, 2025",Paid Search,google / cpc,1,
https://guildgolfcarts.com/golf-cart-financing/,financing_leads,(not set),7,"Jul 11, 2025",Direct,(direct) / (none),1,
https://guildgolfcarts.com/golf-cart-financing/,financing_leads,(not set),7,"Jul 15, 2025",Referral,atvtrader.com / referral,1,
https://guildgolfcarts.com/golf-cart-financing/,financing_leads,(not set),7,"Jul 17, 2025",Organic Search,google / organic,1,
https://guildgolfcarts.com/golf-cart-financing/,financing_leads,(not set),7,"Jul 19, 2025",Direct,(direct) / (none),1,
https://guildgolfcarts.com/golf-cart-financing/,financing_leads,(not set),7,"Jul 21, 2025",Organic Search,google / organic,1,
https://guildgolfcarts.com/golf-cart-financing/,financing_leads,(not set),7,"Jul 23, 2025",Organic Search,google / organic,1,
https://guildgolfcarts.com/golf-cart-financing/,financing_leads,(not set),7,"Jul 24, 2025",Organic Search,google / organic,1,
https://guildgolfcarts.com/golf-cart-financing/,financing_leads,(not set),7,"Jul 27, 2025",Organic Search,google / organic,1,
https://guildgolfcarts.com/golf-cart-financing/,financing_leads,(not set),7,"Jul 29, 2025",Direct,(direct) / (none),1,
https://guildgolfcarts.com/golf-cart-financing/,financing_leads,(not set),7,"Jul 31, 2025",Organic Search,google / organic,1,
https://guildgolfcarts.com/golf-cart-financing/,financing_leads,(not set),8,"Aug 5, 2025",Organic Search,google / organic,1,
https://guildgolfcarts.com/golf-cart-financing/,financing_leads,(not set),8,"Aug 7, 2025",Direct,(direct) / (none),1,
https://guildgolfcarts.com/golf-cart-financing/,financing_leads,(not set),8,"Aug 7, 2025",Organic Search,google / organic,1,
https://guildgolfcarts.com/golf-cart-financing/,financing_leads,(not set),8,"Aug 7, 2025",Referral,roadrunnerfinancial2ndorg.lightning.force.com / referral,1,
https://guildgolfcarts.com/golf-cart-financing/,financing_leads,(not set),8,"Aug 8, 2025",Direct,(direct) / (none),1,
https://guildgolfcarts.com/golf-cart-financing/,financing_leads,(not set),8,"Aug 8, 2025",Organic Search,google / organic,1,
https://guildgolfcarts.com/golf-cart-financing/,financing_leads,(not set),8,"Aug 12, 2025",Direct,(direct) / (none),1,
https://guildgolfcarts.com/golf-cart-financing/,financing_leads,(not set),8,"Aug 12, 2025",Organic Search,bing / organic,1,
https://guildgolfcarts.com/golf-cart-financing/,financing_leads,(not set),8,"Aug 15, 2025",Organic Search,google / organic,1,
https://guildgolfcarts.com/golf-cart-financing/,financing_leads,(not set),8,"Aug 17, 2025",Organic Search,google / organic,1,
https://guildgolfcarts.com/golf-cart-financing/,financing_leads,(not set),8,"Aug 18, 2025",Organic Search,yahoo / organic,1,
https://guildgolfcarts.com/golf-cart-financing/,financing_leads,(not set),8,"Aug 18, 2025",Unassigned,(not set),1,
https://guildgolfcarts.com/golf-cart-financing/?gad_source=5&gad_campaignid=22132725529&gclid=EAIaIQobChMI-MPMnN7NkgMVmiNECB2fYRe1EAAYASAAEgKAAPD_BwE,content_interaction,phone_click,2,"Feb 9, 2026",Paid Search,google / cpc,1,
https://guildgolfcarts.com/golf-cart-financing/,financing_leads,(not set),8,"Aug 20, 2025",Organic Search,yahoo / organic,1,
https://guildgolfcarts.com/golf-cart-financing/,financing_leads,(not set),8,"Aug 21, 2025",Organic Search,bing / organic,1,
https://guildgolfcarts.com/golf-cart-financing/,financing_leads,(not set),8,"Aug 23, 2025",Organic Search,google / organic,1,
https://guildgolfcarts.com/golf-cart-financing/?gad_source=1&gad_campaignid=22192342059&gbraid=0AAAAA-hiYqyY4-f5h8sFbW1PPz4nabBEn&gclid=Cj0KCQjwzaXFBhDlARIsAFPv-u-BLSICTYlPyJhoOLB6WPGCAjhQQvaWIiWnlekzX_fI-kHiJ4qE2LQaAsZ9EALw_wcB,financing_leads,(not set),8,"Aug 23, 2025",Paid Search,google / cpc,1,
https://guildgolfcarts.com/golf-cart-financing/,financing_leads,(not set),8,"Aug 25, 2025",Organic Search,google / organic,1,
https://guildgolfcarts.com/golf-cart-financing/,financing_leads,(not set),8,"Aug 27, 2025",Organic Search,google / organic,1,
https://guildgolfcarts.com/golf-cart-financing/,financing_leads,(not set),8,"Aug 28, 2025",Organic Search,google / organic,1,
https://guildgolfcarts.com/golf-cart-financing/,financing_leads,(not set),8,"Aug 30, 2025",Direct,(direct) / (none),1,
https://guildgolfcarts.com/golf-cart-financing/,financing_leads,(not set),9,"Sep 1, 2025",Organic Search,google / organic,1,
https://guildgolfcarts.com/golf-cart-financing/,financing_leads,(not set),9,"Sep 3, 2025",Organic Search,google / organic,1,
https://guildgolfcarts.com/golf-cart-financing/,financing_leads,(not set),9,"Sep 5, 2025",Organic Search,google / organic,1,
https://guildgolfcarts.com/golf-cart-financing/,financing_leads,(not set),9,"Sep 6, 2025",Referral,mail.google.com / referral,1,
https://guildgolfcarts.com/golf-cart-financing/,financing_leads,(not set),9,"Sep 8, 2025",Direct,(direct) / (none),1,
https://guildgolfcarts.com/golf-cart-financing/,financing_leads,(not set),9,"Sep 8, 2025",Referral,mail.google.com / referral,1,
https://guildgolfcarts.com/golf-cart-financing/,financing_leads,(not set),9,"Sep 10, 2025",Organic Search,google / organic,1,
https://guildgolfcarts.com/golf-cart-financing/,financing_leads,(not set),9,"Sep 12, 2025",Organic Search,google / organic,1,
https://guildgolfcarts.com/golf-cart-financing/,financing_leads,(not set),9,"Sep 16, 2025",Organic Search,google / organic,1,
https://guildgolfcarts.com/golf-cart-financing/,financing_leads,(not set),9,"Sep 17, 2025",Direct,(direct) / (none),1,
https://guildgolfcarts.com/golf-cart-financing/,financing_leads,(not set),9,"Sep 18, 2025",Direct,(direct) / (none),1,
https://guildgolfcarts.com/golf-cart-financing/,financing_leads,(not set),9,"Sep 19, 2025",Organic Search,google / organic,1,
https://guildgolfcarts.com/golf-cart-financing/,financing_leads,(not set),9,"Sep 22, 2025",Organic Search,google / organic,1,
https://guildgolfcarts.com/golf-cart-financing/,financing_leads,(not set),9,"Sep 25, 2025",Paid Search,google / cpc,1,
https://guildgolfcarts.com/golf-cart-financing/?gad_source=1&gad_campaignid=22202718124&gbraid=0AAAAA-hiYqzMWp2ulT9ym6JAmUjmkMoMn&gclid=Cj0KCQjwovPGBhDxARIsAFhgkwTgl9P5B2uQwB0HGs3DazVNyA9P9m8hr87_AeyHSwwjgvYX8lV6SRcaAj4-EALw_wcB,financing_leads,(not set),10,"Oct 1, 2025",Paid Search,google / cpc,1,
https://guildgolfcarts.com/golf-cart-financing/,financing_leads,(not set),10,"Oct 3, 2025",Organic Search,google / organic,1,
https://guildgolfcarts.com/golf-cart-financing/?srsltid=ChAI8IuDxwYQwf%2Bw8ueZ2tcUElEA4Sus3QygAWzVY%2FDeTBSqpi6%2B5jmxibxj1O9hk%2FRep74zqI%2BDFshYTQlYMxoqwG6tJhi4XanzTYOAjfyM%2BWuIVdQ28gpV7dmmcSNzWJVQpkoaAorI,financing_leads,(not set),10,"Oct 4, 2025",Organic Search,google / organic,1,
https://guildgolfcarts.com/golf-cart-financing/?srsltid=ChAI8IuDxwYQwf%2Bw8ueZ2tcUElEA4Sus3RMAMlyj%2FWLl6ae4Yh3H%2FGCXPW1dA3dWkHxWUhUk676%2Fk%2FIuLl04RUw3Y7CrGeyA19XuvANEQW2TZwlqFiGHJI67yF3d6MJPpL6VV8saAgAE,financing_leads,(not set),10,"Oct 4, 2025",Organic Search,google / organic,1,
https://guildgolfcarts.com/golf-cart-financing/,financing_leads,(not set),10,"Oct 6, 2025",Organic Search,google / organic,1,
https://guildgolfcarts.com/golf-cart-financing/,financing_leads,(not set),10,"Oct 17, 2025",Direct,(direct) / (none),1,
https://guildgolfcarts.com/golf-cart-financing/,financing_leads,(not set),10,"Oct 20, 2025",Paid Search,google / cpc,1,
https://guildgolfcarts.com/golf-cart-financing/,financing_leads,(not set),10,"Oct 23, 2025",Organic Search,bing / organic,1,
https://guildgolfcarts.com/golf-cart-financing/,financing_leads,(not set),10,"Oct 24, 2025",Direct,(direct) / (none),1,
https://guildgolfcarts.com/golf-cart-financing/,financing_leads,(not set),11,"Nov 3, 2025",Organic Search,google / organic,1,
https://guildgolfcarts.com/golf-cart-financing/,financing_leads,(not set),11,"Nov 6, 2025",Organic Search,google / organic,1,
https://guildgolfcarts.com/golf-cart-financing/,financing_leads,(not set),11,"Nov 10, 2025",Organic Search,google / organic,1,
https://guildgolfcarts.com/golf-cart-financing/,financing_leads,(not set),11,"Nov 11, 2025",Paid Search,google / cpc,1,
https://guildgolfcarts.com/golf-cart-financing/,financing_leads,(not set),11,"Nov 15, 2025",Organic Search,google / organic,1,
https://guildgolfcarts.com/golf-cart-financing/,financing_leads,(not set),11,"Nov 23, 2025",Organic Search,google / organic,1,
https://guildgolfcarts.com/golf-cart-financing/,financing_leads,(not set),11,"Nov 24, 2025",Organic Search,google / organic,1,
https://guildgolfcarts.com/golf-cart-financing/,financing_leads,(not set),12,"Dec 6, 2025",Organic Search,google / organic,1,
https://guildgolfcarts.com/golf-cart-financing/,financing_leads,(not set),12,"Dec 6, 2025",Paid Search,google / cpc,1,
https://guildgolfcarts.com/golf-cart-financing/,financing_leads,(not set),12,"Dec 13, 2025",Direct,(direct) / (none),1,
https://guildgolfcarts.com/golf-cart-financing/,financing_leads,(not set),12,"Dec 15, 2025",Organic Search,google / organic,1,
https://guildgolfcarts.com/golf-cart-financing/,financing_leads,(not set),12,"Dec 17, 2025",Paid Search,google / cpc,1,
https://guildgolfcarts.com/golf-cart-financing/,financing_leads,(not set),12,"Dec 19, 2025",Paid Search,google / cpc,1,
https://guildgolfcarts.com/golf-cart-financing/,financing_leads,(not set),12,"Dec 21, 2025",Organic Search,google / organic,1,
https://guildgolfcarts.com/golf-cart-financing/,financing_leads,(not set),12,"Dec 24, 2025",Organic Search,google / organic,1,
https://guildgolfcarts.com/golf-cart-financing/,financing_leads,(not set),12,"Dec 30, 2025",Direct,(direct) / (none),1,
https://guildgolfcarts.com/golf-cart-financing/,financing_leads,(not set),1,"Jan 3, 2026",Organic Search,google / organic,1,
https://guildgolfcarts.com/golf-cart-financing/,financing_leads,(not set),1,"Jan 3, 2026",Organic Search,yahoo / organic,1,
https://guildgolfcarts.com/golf-cart-financing/,financing_leads,(not set),1,"Jan 5, 2026",Organic Search,google / organic,1,
https://guildgolfcarts.com/golf-cart-financing/,financing_leads,(not set),1,"Jan 6, 2026",Organic Search,google / organic,1,
https://guildgolfcarts.com/golf-cart-financing/,financing_leads,(not set),1,"Jan 8, 2026",Organic Search,bing / organic,1,
https://guildgolfcarts.com/golf-cart-financing/,financing_leads,(not set),1,"Jan 9, 2026",Direct,(direct) / (none),1,
https://guildgolfcarts.com/golf-cart-financing/,financing_leads,(not set),1,"Jan 12, 2026",Direct,(direct) / (none),1,
https://guildgolfcarts.com/golf-cart-financing/,financing_leads,(not set),1,"Jan 12, 2026",Organic Search,bing / organic,1,
https://guildgolfcarts.com/golf-cart-financing/?srsltid=ChAIgPeXywYQhaP1%2FqvpvsBMElEAJ7eKWK6GxkWKLCmFgLO6ghiOdy3KchX09%2FjRJNEeki8ljHGFbLyVcKB5Af9bP7186FEdkZ9VGmUSxaOSL%2BEkJYFFbBaBxCuz8kakWdBTX7EaAnip,financing_leads,(not set),1,"Jan 13, 2026",Organic Search,google / organic,1,
https://guildgolfcarts.com/golf-cart-financing/,financing_leads,(not set),1,"Jan 21, 2026",Organic Search,google / organic,1,
https://guildgolfcarts.com/golf-cart-financing/,financing_leads,(not set),1,"Jan 23, 2026",Direct,(direct) / (none),1,
https://guildgolfcarts.com/golf-cart-financing/,financing_leads,(not set),1,"Jan 23, 2026",Organic Search,google / organic,1,
https://guildgolfcarts.com/golf-cart-financing/,financing_leads,(not set),1,"Jan 24, 2026",Direct,(direct) / (none),1,
https://guildgolfcarts.com/golf-cart-financing/,financing_leads,(not set),1,"Jan 24, 2026",Organic Search,google / organic,1,
https://guildgolfcarts.com/golf-cart-financing/,financing_leads,(not set),1,"Jan 26, 2026",Paid Search,google / cpc,1,
https://guildgolfcarts.com/golf-cart-financing/,financing_leads,(not set),1,"Jan 28, 2026",Organic Search,google / organic,1,
https://guildgolfcarts.com/golf-cart-financing/,financing_leads,(not set),1,"Jan 29, 2026",Organic Search,google / organic,1,
https://guildgolfcarts.com/golf-cart-financing/,financing_leads,(not set),2,"Feb 1, 2026",Organic Search,google / organic,1,
https://guildgolfcarts.com/golf-cart-financing/?gad_source=5&gad_campaignid=22132725529&gclid=EAIaIQobChMI7JCf7M7LkgMVCDpECB1jMyw1EAAYASAAEgJuUPD_BwE,financing_leads,(not set),2,"Feb 8, 2026",Paid Search,google / cpc,1,
https://guildgolfcarts.com/golf-cart-financing/?gad_source=5&gad_campaignid=22132725529&gclid=EAIaIQobChMI-MPMnN7NkgMVmiNECB2fYRe1EAAYASAAEgKAAPD_BwE,financing_leads,(not set),2,"Feb 9, 2026",Paid Search,google / cpc,1,
https://guildgolfcarts.com/golf-cart-financing/,financing_leads,(not set),2,"Feb 10, 2026",Organic Search,bing / organic,1,
https://guildgolfcarts.com/golf-cart-financing/,financing_leads,(not set),2,"Feb 13, 2026",Direct,(direct) / (none),1,
https://guildgolfcarts.com/golf-cart-financing/?gad_source=5&gad_campaignid=22132725529&gclid=EAIaIQobChMI3eH5p-TZkgMVsAe8AR1sBQCLEAAYASADEgLyBPD_BwE,financing_leads,(not set),2,"Feb 14, 2026",Paid Search,google / cpc,1,
https://guildgolfcarts.com/golf-cart-financing/?gad_source=5&gad_campaignid=22132725529&gclid=EAIaIQobChMI1KDrlPvbkgMVmDqtBh2iRjdnEAAYASAAEgJqyPD_BwE,financing_leads,(not set),2,"Feb 15, 2026",Paid Search,google / cpc,1,
https://guildgolfcarts.com/golf-cart-financing/?gad_source=5&gad_campaignid=22132725529&gclid=EAIaIQobChMI3eKOgufbkgMVtCZECB0iXhHgEAAYASADEgIeTPD_BwE,financing_leads,(not set),2,"Feb 15, 2026",Paid Search,google / cpc,1,
https://guildgolfcarts.com/golf-cart-financing/,financing_leads,(not set),2,"Feb 17, 2026",Paid Search,google / cpc,1,
https://guildgolfcarts.com/golf-cart-financing/,financing_leads,(not set),2,"Feb 20, 2026",Organic Search,google / organic,1,
https://guildgolfcarts.com/golf-cart-financing/?gad_source=5&gad_campaignid=22132725529&gclid=EAIaIQobChMIttHe-b3qkgMV3TStBh1mXT04EAAYASABEgL3LvD_BwE,financing_leads,(not set),2,"Feb 21, 2026",Paid Search,google / cpc,1,
https://guildgolfcarts.com/golf-cart-financing/,financing_leads,(not set),2,"Feb 22, 2026",Organic Search,google / organic,1,
https://guildgolfcarts.com/golf-cart-financing/,financing_leads,(not set),2,"Feb 24, 2026",Direct,(direct) / (none),1,
https://guildgolfcarts.com/golf-cart-financing/?gad_source=5&gad_campaignid=22132725529&gclid=EAIaIQobChMI5eOr9c7ykgMVZyBECB2E8ASHEAAYASAEEgIU2fD_BwE,financing_leads,(not set),2,"Feb 24, 2026",Paid Search,google / cpc,1,
https://guildgolfcarts.com/golf-cart-financing/,financing_leads,(not set),2,"Feb 25, 2026",Organic Search,google / organic,1,
https://guildgolfcarts.com/golf-cart-financing/,financing_leads,(not set),3,"Mar 3, 2026",Direct,(direct) / (none),1,
https://guildgolfcarts.com/golf-cart-financing/,financing_leads,(not set),3,"Mar 4, 2026",Organic Search,google / organic,1,
https://guildgolfcarts.com/golf-cart-financing/,financing_leads,(not set),3,"Mar 9, 2026",Organic Search,bing / organic,1,
https://guildgolfcarts.com/golf-cart-financing/,financing_leads,(not set),3,"Mar 10, 2026",Organic Search,google / organic,1,
https://guildgolfcarts.com/golf-cart-financing/,financing_leads,(not set),3,"Mar 11, 2026",Direct,(direct) / (none),1,
https://guildgolfcarts.com/golf-cart-financing/,financing_leads,(not set),3,"Mar 13, 2026",Organic Search,google / organic,1,
https://guildgolfcarts.com/golf-cart-financing/,financing_leads,(not set),3,"Mar 14, 2026",Organic Search,google / organic,1,
https://guildgolfcarts.com/golf-cart-financing/,financing_leads,(not set),3,"Mar 16, 2026",Organic Search,google / organic,1,
https://guildgolfcarts.com/golf-cart-financing/,financing_leads,(not set),3,"Mar 21, 2026",Organic Search,bing / organic,1,
https://guildgolfcarts.com/golf-cart-financing/,financing_leads,(not set),3,"Mar 21, 2026",Unassigned,chatgpt.com / (not set),1,
https://guildgolfcarts.com/golf-cart-financing/,financing_leads,(not set),3,"Mar 22, 2026",Organic Search,google / organic,1,
https://guildgolfcarts.com/golf-cart-financing/,financing_leads,(not set),3,"Mar 27, 2026",Organic Search,google / organic,1,
https://guildgolfcarts.com/golf-cart-financing/,financing_leads,(not set),3,"Mar 30, 2026",Direct,(direct) / (none),1,
https://guildgolfcarts.com/golf-cart-financing/,financing_leads,(not set),4,"Apr 1, 2026",Referral,dx1.lightning.force.com / referral,1,
https://guildgolfcarts.com/golf-cart-financing/,financing_leads,(not set),4,"Apr 4, 2026",Direct,(direct) / (none),1,
https://guildgolfcarts.com/golf-cart-financing/,financing_leads,(not set),4,"Apr 8, 2026",Organic Search,bing / organic,1,
https://guildgolfcarts.com/golf-cart-financing/,form_interaction,form_submission,5,"May 30, 2025",Direct,(direct) / (none),1,
https://guildgolfcarts.com/golf-cart-financing/,form_interaction,form_submission,7,"Jul 6, 2025",Organic Search,google / organic,1,
https://guildgolfcarts.com/golf-cart-financing/,content_interaction,phone_click,5,"May 6, 2025",Organic Search,google / organic,1,
https://guildgolfcarts.com/golf-cart-financing/,content_interaction,phone_click,6,"Jun 18, 2025",Direct,(direct) / (none),1,
https://guildgolfcarts.com/golf-cart-financing/,content_interaction,phone_click,8,"Aug 21, 2025",Organic Search,bing / organic,1,
https://guildgolfcarts.com/golf-cart-financing/,financing_leads,(not set),2,"Feb 13, 2025",Organic Search,google / organic,5,0
https://guildgolfcarts.com/golf-cart-financing/?fbclid=IwZXh0bgNhZW0CMTEAAR62DjS7dMXLqq0eTodX7a0UL4vz_2vXFot7gvt04luP1LQoe494LfmzEiiV6A_aem_9xoIVUMXBf4pMAfGCKTtjw,financing_leads,(not set),8,"Aug 17, 2025",Direct,(direct) / (none),1,
https://guildgolfcarts.com/golf-cart-financing/?gad_source=1&gad_campaignid=22192342059&gbraid=0AAAAA-hiYqxaVn58jrCJ92h7QiOEmtyVl&gclid=Cj0KCQjw097CBhDIARIsAJ3-nxearXtfRArnbTPkjH6wQaMspwxqMyzbRSVsMDu8ulHl5lIznEehG3EaAqa3EALw_wcB,form_interaction,form_submission,6,"Jun 22, 2025",Paid Search,google / cpc,1,
https://guildgolfcarts.com/golf-cart-financing/?gad_source=1&gad_campaignid=22202718124&gbraid=0AAAAA-hiYqxPm7uza8t2isWwPdFCj8hPB&gclid=CjwKCAjwyb3DBhBlEiwAqZLe5FozhumEkKwRUbBCBxYwFvlR9e4K9ZKzpFKteajxy6B3Ex3rNgsS1hoCfnUQAvD_BwE,financing_leads,(not set),7,"Jul 10, 2025",Paid Search,google / cpc,1,
https://guildgolfcarts.com/golf-cart-gallery/,form_interaction,form_submission,2,"Feb 14, 2026",Organic Search,duckduckgo / organic,3,
https://guildgolfcarts.com/golf-cart-gallery/,form_interaction,form_submission,12,"Dec 31, 2025",Organic Search,google / organic,2,
https://guildgolfcarts.com/golf-cart-gallery/?gad_source=5&gad_campaignid=22132725529&gclid=EAIaIQobChMIpLKTnqXnkgMVNShECB2Zdjc4EAAYASABEgLA7_D_BwE,form_interaction,form_submission,2,"Feb 19, 2026",Paid Search,google / cpc,2,
https://guildgolfcarts.com/golf-cart-gallery/,content_interaction,phone_click,2,"Feb 22, 2025",Organic Search,yahoo / organic,2,0
https://guildgolfcarts.com/golf-cart-gallery/,form_interaction,form_submission,2,"Feb 12, 2025",Unassigned,(not set),1,0
https://guildgolfcarts.com/golf-cart-gallery/,form_interaction,form_submission,2,"Feb 14, 2025",Paid Search,google / cpc,1,0
https://guildgolfcarts.com/golf-cart-gallery/?gad_source=1&gbraid=0AAAAA-hiYqygVWaZa3Kbau3PZdZGsDPI8&gclid=Cj0KCQjwv_m-BhC4ARIsAIqNeBu7GsTSQ-4eu828qHJuLWtUgfwcUQ5YlxvpafIEoDZnP4cbXST5Kc0aAhbAEALw_wcB,form_interaction,form_submission,3,"Mar 22, 2025",Paid Search,google / cpc,1,0
https://guildgolfcarts.com/golf-cart-gallery/,form_interaction,form_submission,3,"Mar 25, 2025",Direct,(direct) / (none),1,0
https://guildgolfcarts.com/golf-cart-gallery/,form_interaction,form_submission,5,"May 23, 2025",Organic Search,google / organic,1,
https://guildgolfcarts.com/golf-cart-gallery/,session_start,form_submission,5,"May 23, 2025",Organic Search,google / organic,1,
https://guildgolfcarts.com/golf-cart-gallery/,form_interaction,form_submission,6,"Jun 6, 2025",Paid Search,google / cpc,1,
https://guildgolfcarts.com/golf-cart-gallery/,form_interaction,form_submission,6,"Jun 16, 2025",Paid Search,google / cpc,1,
https://guildgolfcarts.com/golf-cart-gallery/,form_interaction,form_submission,7,"Jul 1, 2025",Organic Search,google / organic,1,
https://guildgolfcarts.com/golf-cart-gallery/,form_interaction,form_submission,8,"Aug 7, 2025",Organic Search,google / organic,1,
https://guildgolfcarts.com/golf-cart-gallery/,form_interaction,form_submission,8,"Aug 13, 2025",Organic Search,google / organic,1,
https://guildgolfcarts.com/golf-cart-gallery/,form_interaction,form_submission,10,"Oct 17, 2025",Organic Search,google / organic,1,
https://guildgolfcarts.com/golf-cart-gallery/,form_interaction,form_submission,12,"Dec 7, 2025",Organic Search,google / organic,1,
https://guildgolfcarts.com/golf-cart-gallery/,form_interaction,form_submission,1,"Jan 13, 2026",Unassigned,chatgpt.com / (not set),1,
https://guildgolfcarts.com/golf-cart-gallery/,content_interaction,phone_click,3,"Mar 15, 2025",Paid Search,google / cpc,1,0
https://guildgolfcarts.com/golf-cart-gallery/,content_interaction,phone_click,3,"Mar 20, 2025",Direct,(direct) / (none),1,0
https://guildgolfcarts.com/golf-cart-gallery/?gad_source=1&gbraid=0AAAAA-hiYqygVWaZa3Kbau3PZdZGsDPI8&gclid=Cj0KCQjwv_m-BhC4ARIsAIqNeBu7GsTSQ-4eu828qHJuLWtUgfwcUQ5YlxvpafIEoDZnP4cbXST5Kc0aAhbAEALw_wcB,content_interaction,phone_click,3,"Mar 22, 2025",Paid Search,google / cpc,1,0
https://guildgolfcarts.com/golf-cart-gallery/,content_interaction,phone_click,3,"Mar 25, 2025",Organic Search,google / organic,1,0
https://guildgolfcarts.com/golf-cart-gallery/?gad_source=1&gbraid=0AAAAA-hiYqxmLyDAyUMtc76pxsf-MOeic&gclid=EAIaIQobChMI1uqX5IW9jAMVog2tBh0AmSTCEAAYASACEgJuH_D_BwE,content_interaction,phone_click,4,"Apr 3, 2025",Paid Search,google / cpc,1,0
https://guildgolfcarts.com/golf-cart-gallery/?gad_source=5&gclid=EAIaIQobChMIh6fxu7jijAMVQgKtBh1OTiPxEAAYASACEgJTqvD_BwE,content_interaction,phone_click,4,"Apr 18, 2025",Paid Search,google / cpc,1,
https://guildgolfcarts.com/golf-cart-gallery/,content_interaction,phone_click,4,"Apr 28, 2025",Direct,(direct) / (none),1,
https://guildgolfcarts.com/golf-cart-gallery/,content_interaction,phone_click,7,"Jul 8, 2025",Organic Search,google / organic,1,
https://guildgolfcarts.com/golf-cart-gallery/,content_interaction,phone_click,9,"Sep 9, 2025",Organic Search,google / organic,1,
https://guildgolfcarts.com/golf-cart-gallery/,content_interaction,phone_click,9,"Sep 28, 2025",Organic Search,google / organic,1,
https://guildgolfcarts.com/golf-cart-gallery/?gad_source=1&gad_campaignid=22198791563&gbraid=0AAAAA-hiYqyCeyjgT8QXeLlgEbtaZ-7gA&gclid=CjwKCAiA64LLBhBhEiwA-Pxgu6wpEVo2wFu7mOT16qVe0w1qQQjnblriy4kqEVj_k1l7vHIsYBKB0RoCuZkQAvD_BwE,content_interaction,phone_click,1,"Jan 9, 2026",Paid Search,google / cpc,1,
https://guildgolfcarts.com/golf-cart-gallery/?gad_source=1&gad_campaignid=22192342059&gbraid=0AAAAA-hiYqzvkF-2BEF3q_MlMyVgumEbc&gclid=EAIaIQobChMIkYr2_4jIkgMV3C3UAR3frjNMEAAYASABEgJgOvD_BwE,content_interaction,phone_click,2,"Feb 7, 2026",Paid Search,google / cpc,1,
https://guildgolfcarts.com/golf-cart-gallery/?gad_source=5&gad_campaignid=22132725529&gclid=EAIaIQobChMIpLKTnqXnkgMVNShECB2Zdjc4EAAYASABEgLA7_D_BwE,content_interaction,phone_click,2,"Feb 19, 2026",Paid Search,google / cpc,1,
https://guildgolfcarts.com/golf-cart-rental-available-in-las-vegas-nevada/?gad_source=1&gad_campaignid=22192342059&gclid=CjwKCAjwyYPOBhBxEiwAgpT8P5rMSMoGGESeow4-3KVsGYdwPIDq3zs5MnMHRrc2fQ4wpdLRpBDFAhoCUKwQAvD_BwE,content_interaction,phone_click,3,"Mar 23, 2026",Paid Search,google / cpc,1,
https://guildgolfcarts.com/golf-cart-repair-available-in-las-vegas-nv/?gad_source=1&gad_campaignid=22192342059&gclid=CjwKCAiA95fLBhBPEiwATXUsxLrGnWvWCJpopFQorYZMrZIelDQDLLw_Ra_57kRL-_oXAkXpFnZM6BoC4fkQAvD_BwE,content_interaction,phone_click,1,"Jan 13, 2026",Paid Search,google / cpc,1,
https://guildgolfcarts.com/golf-cart-repair-available-in-las-vegas-nv/?gad_source=1&gad_campaignid=22192342059&gclid=CjwKCAiAv5bMBhAIEiwAqP9GuOJ35JqBXJOvQ1u4gvLGi_upXTLt9SKCD4oVW6H2hqDewZbazcH8MhoCFm0QAvD_BwE,content_interaction,phone_click,2,"Feb 6, 2026",Paid Search,google / cpc,1,
https://guildgolfcarts.com/golf-cart-repair-available-in-las-vegas-nv/?gad_source=1&gad_campaignid=22192342059&gclid=CjwKCAjw687NBhB4EiwAQ645dvjfDJ253Vg9QwtIfluDJJomGSLjNdrsMaPB2ArlLN_MkofP92ZNvhoCSVYQAvD_BwE,content_interaction,phone_click,3,"Mar 13, 2026",Paid Search,google / cpc,1,
https://guildgolfcarts.com/golf-cart-repair-available-in-portland-oregon/,form_interaction,form_submission,3,"Mar 4, 2025",Organic Search,google / organic,2,0
https://guildgolfcarts.com/golf-cart-repair-available-in-portland-oregon/?srsltid=ChAI8I6OwwYQ%2Fpjj68muhZYtElEA9BaroYimOc5iY8aMOrDjRShHncgzEW0UUSM2Ug3Op%2FMENhF8jeKH%2FdPuYUVWo1Vb6EVBEPUKkJai2FtXPSSXPyh2KrLBtBW9UiSGqlLhkQoaAmUg,content_interaction,phone_click,7,"Jul 1, 2025",Organic Search,google / organic,1,
https://guildgolfcarts.com/golf-cart-repair-available-in-portland-oregon/?srsltid=ChAI8P6zxgYQ7uqekLXB3IsQElEAUWyhqk%2BMHOoFnKygRZBCNOVZiGPH2z71sNdYfCSmU5dQFg7TEvykV3RKAGWuEd99kMXMmQycfgBO72hFsi2KyXamvCdJNlHlCI12a5H2k5YaAv5d,content_interaction,phone_click,9,"Sep 19, 2025",Organic Search,google / organic,1,
https://guildgolfcarts.com/golf-cart-services/,form_interaction,form_submission,11,"Nov 12, 2025",Organic Search,bing / organic,2,
https://guildgolfcarts.com/golf-cart-services/,form_interaction,form_submission,5,"May 25, 2025",Organic Search,google / organic,1,
https://guildgolfcarts.com/golf-cart-services/,content_interaction,phone_click,9,"Sep 27, 2025",Organic Search,google / organic,1,
https://guildgolfcarts.com/golf-cart-services/?gad_source=1&gad_campaignid=22198791563&gbraid=0AAAAA-hiYqxX14r1hpWxKWE0pY-8NpA5c&gclid=Cj0KCQiA6sjKBhCSARIsAJvYcpOGb3oH94gStEdfP_TDG3ZlheWn1haZx7B2Y-7WRv0CDJoKQ-RzyjQaAkJxEALw_wcB,content_interaction,phone_click,12,"Dec 29, 2025",Paid Search,google / cpc,1,
https://guildgolfcarts.com/golf-cart-trade-in/,form_interaction,form_submission,6,"Jun 18, 2025",Organic Search,yahoo / organic,2,
https://guildgolfcarts.com/golf-cart-trade-in/,form_interaction,form_submission,5,"May 19, 2025",Organic Search,google / organic,1,
https://guildgolfcarts.com/golf-cart-trade-in/,form_interaction,form_submission,6,"Jun 2, 2025",Organic Search,google / organic,1,
https://guildgolfcarts.com/golf-cart-trade-in/,form_interaction,form_submission,6,"Jun 3, 2025",Organic Search,yahoo / organic,1,
https://guildgolfcarts.com/golf-cart-trade-in/,form_interaction,form_submission,6,"Jun 18, 2025",Referral,atvtrader.com / referral,1,
https://guildgolfcarts.com/golf-cart-trade-in/,form_interaction,form_submission,7,"Jul 2, 2025",Organic Search,google / organic,1,
https://guildgolfcarts.com/golf-cart-trade-in/,form_interaction,form_submission,7,"Jul 24, 2025",Direct,(direct) / (none),1,
https://guildgolfcarts.com/golf-cart-trade-in/,form_interaction,form_submission,9,"Sep 2, 2025",Direct,(direct) / (none),1,
https://guildgolfcarts.com/golf-cart-trade-in/,form_interaction,form_submission,10,"Oct 2, 2025",Organic Search,bing / organic,1,
https://guildgolfcarts.com/golf-cart-trade-in/?gad_source=1&gad_campaignid=22198791563&gbraid=0AAAAA-hiYqx--fj1DUYMN5x0KaGBxA9mJ&gclid=EAIaIQobChMIyvid5NO-kgMVoyRECB1-aSw4EAAYBCAAEgIQufD_BwE,form_interaction,form_submission,2,"Feb 3, 2026",Paid Search,google / cpc,1,
https://guildgolfcarts.com/golf-cart-trade-in/,content_interaction,phone_click,7,"Jul 7, 2025",Organic Search,google / organic,1,
https://guildgolfcarts.com/golf-cart-videos/?gad_source=5&gad_campaignid=23321963421&gclid=EAIaIQobChMI46ik2qC5kwMV6o_uAR1FCQVCEAEYASAEEgIC6vD_BwE,content_interaction,phone_click,3,"Mar 24, 2026",Display,google / cpc,9,
https://guildgolfcarts.com/golf-cart-videos/?gad_source=1&gad_campaignid=22132725529&gbraid=0AAAAA-hiYqz_2Ws9IjjyS2qC_4Dmx3ADS&gclid=Cj0KCQjwgKjHBhChARIsAPJR3xcDIzoOe-UikpeNA8CQTFrtnx1muLPLRiC5UIIXw9kLYcU5R4dmDjUaArxZEALw_wcB,content_interaction,phone_click,10,"Oct 11, 2025",Paid Search,google / cpc,1,
https://guildgolfcarts.com/golf-carts-bend-or/,content_interaction,phone_click,5,"May 23, 2025",Organic Search,google / organic,3,
https://guildgolfcarts.com/golf-carts-bend-or/,form_interaction,form_submission,7,"Jul 29, 2025",Organic Search,google / organic,1,
https://guildgolfcarts.com/golf-carts-bend-or/,content_interaction,phone_click,3,"Mar 17, 2025",Direct,(direct) / (none),1,0
https://guildgolfcarts.com/golf-carts-bend-or/,content_interaction,phone_click,6,"Jun 2, 2025",Paid Search,google / cpc,1,
https://guildgolfcarts.com/golf-carts-bend-or/,content_interaction,phone_click,6,"Jun 9, 2025",Organic Search,duckduckgo / organic,1,
https://guildgolfcarts.com/golf-carts-bend-or/?srsltid=ChAI8JivwgYQqdCcpPe3194TElEAfLFK6pCBnAvK9q33fxPTK0yxa5oFRHLlzg%2B0ku2vUPhS%2Brs%2FQr8jBShs8ICAz7yihxX1zlcvA6yH8kjk5Y%2Fd4YDSG6j15m4NhcfGtYCI3uUaAo8v,content_interaction,phone_click,6,"Jun 13, 2025",Organic Search,google / organic,1,
https://guildgolfcarts.com/golf-carts-bend-or/,content_interaction,phone_click,6,"Jun 27, 2025",Organic Search,bing / organic,1,
https://guildgolfcarts.com/golf-carts-bend-or/,content_interaction,phone_click,7,"Jul 5, 2025",Organic Search,google / organic,1,
https://guildgolfcarts.com/golf-carts-bend-or/,content_interaction,phone_click,7,"Jul 12, 2025",Organic Search,google / organic,1,
https://guildgolfcarts.com/golf-carts-bend-or/,session_start,phone_click,7,"Jul 12, 2025",Organic Search,google / organic,1,
https://guildgolfcarts.com/golf-carts-bend-or/?srsltid=ChAI8LTBxAYQovrp9dXhsL0PElEARFEYFPHpOsvMnufKwwdSOKgqny3xQnNosp8rgJ5D4XUu%2F8qi3wdE4jf1CryF0dRxAn%2BXePVEtu7XLee2pmefAgwBNeBGPub9c83Cg%2BnnIHoaAgNC,content_interaction,phone_click,8,"Aug 4, 2025",Organic Search,google / organic,1,
https://guildgolfcarts.com/golf-carts-bend-or/,content_interaction,phone_click,8,"Aug 6, 2025",Organic Search,google / organic,1,
https://guildgolfcarts.com/golf-carts-bend-or/?srsltid=ChEI8PrLxAYQ0%2F%2BYveq%2BqJ7rARJRABAR3%2F0sP%2FrRJwiGXuShFX67c5z0EkaBFpFiA2qsBLXzRLyUQ1N3simovzSytho9ExQkLB0ANrY%2Fvr0L%2B48MEm9eUBQw%2Fabpw0rpH3KWZS7FGgLPxw%3D%3D,content_interaction,phone_click,8,"Aug 6, 2025",Organic Search,google / organic,1,
https://guildgolfcarts.com/golf-carts-bend-or/,content_interaction,phone_click,9,"Sep 13, 2025",Organic Search,google / organic,1,
https://guildgolfcarts.com/golf-carts-bend-or/,content_interaction,phone_click,10,"Oct 6, 2025",Organic Search,google / organic,1,
https://guildgolfcarts.com/golf-carts-bend-or/,session_start,phone_click,10,"Oct 6, 2025",Organic Search,google / organic,1,
https://guildgolfcarts.com/golf-carts-bend-or/,content_interaction,phone_click,10,"Oct 19, 2025",Organic Search,duckduckgo / organic,1,
https://guildgolfcarts.com/golf-carts-bend-or/,content_interaction,phone_click,10,"Oct 28, 2025",Organic Search,google / organic,1,
https://guildgolfcarts.com/golf-carts-bend-or/,content_interaction,phone_click,2,"Feb 25, 2026",Organic Search,google / organic,1,
https://guildgolfcarts.com/golf-carts-bend-or/,content_interaction,phone_click,3,"Mar 21, 2026",Organic Search,google / organic,1,
https://guildgolfcarts.com/golf-carts-bend-or/,content_interaction,phone_click,3,"Mar 24, 2026",Organic Search,google / organic,1,
https://guildgolfcarts.com/golf-carts-for-sale-bend-or/,form_interaction,form_submission,3,"Mar 31, 2025",Organic Search,google / organic,1,0
https://guildgolfcarts.com/golf-carts-for-sale-bend-or/,form_interaction,form_submission,6,"Jun 27, 2025",Organic Search,google / organic,1,
https://guildgolfcarts.com/golf-carts-for-sale-bend-or/?gad_source=5&gad_campaignid=22132725529&gclid=EAIaIQobChMI8t-7vMXpkAMVQ9rCBB0xDSnVEAAYASAAEgIx7_D_BwE,form_interaction,form_submission,11,"Nov 10, 2025",Paid Search,google / cpc,1,
https://guildgolfcarts.com/golf-carts-for-sale-bend-or/,content_interaction,phone_click,3,"Mar 27, 2025",Paid Search,google / cpc,1,0
https://guildgolfcarts.com/golf-carts-for-sale-bend-or/?gad_source=1&gbraid=0AAAAA-hiYqzumz_1IFXUFTM_bVDm7EdUB&gclid=EAIaIQobChMIr9L92Py-jAMVqgitBh2HqgfoEAAYAyAAEgJM7PD_BwE,content_interaction,phone_click,4,"Apr 4, 2025",Paid Search,google / cpc,1,0
https://guildgolfcarts.com/golf-carts-for-sale-bend-or/,content_interaction,phone_click,6,"Jun 9, 2025",Organic Search,google / organic,1,
https://guildgolfcarts.com/golf-carts-for-sale-bend-or/?srsltid=ChEI8JyXxAYQivuP8NeZu%2B2ZARJRADOEDl%2Fmg3b03DpyXLTrBeoWfQ3z7Hpqu4Es6JoYiMs4UZ0RxeJpzYYWNGhNT5d%2F4rAADIx5zEZ9Zr4SmMcFx4E%2BMGrGsx87mLS5epfYP5BNGgJSWg%3D%3D,content_interaction,phone_click,7,"Jul 27, 2025",Organic Search,google / organic,1,
https://guildgolfcarts.com/golf-carts-for-sale-bend-or/?srsltid=ChEI8OfDxgYQgoqQ%2F6PFp7eaARJRAEllJ3iDv1f7%2Fwj5R2qQW0ZSULWqq8S7PbUGbO6GbX5OsbMax14xHhhYAxDLgrwgftRb9YxaBlKiBAOKprHNSz9wqOgNBnq9fNI7tfpX%2FJhwGgK4iA%3D%3D,content_interaction,phone_click,9,"Sep 22, 2025",Unassigned,(not set),1,
https://guildgolfcarts.com/golf-carts-for-sale-bend-or/?gad_source=1&gad_campaignid=22198841906&gbraid=0AAAAA-hiYqzy3HnpWTuTseoGy5JfBwH29&gclid=CjwKCAjwx8nCBhAwEiwA_z__0_5iK5m4pkAbReNSVEQs7T_lU7gwmN0zbmirn4w5ewXi1uzwUHF-kRoC0-MQAvD_BwE,content_interaction,phone_click,6,"Jun 18, 2025",Paid Search,google / cpc,2,
https://guildgolfcarts.com/golf-carts-for-sale-bend-or/?gad_source=1&gad_campaignid=22198841906&gbraid=0AAAAA-hiYqyyygQMBJfz8S5JxLQ9zkCvB&gclid=Cj0KCQjwuvrBBhDcARIsAKRrkjcjocdcd5cucoW_EJnmeRE09yul5j1y4YuKYHd_fiFjoNXfF7uS4qEaAiEAEALw_wcB,form_interaction,form_submission,6,"Jun 3, 2025",Paid Search,google / cpc,1,
https://guildgolfcarts.com/golf-carts-for-sale-bend-or/?gad_source=1&gad_campaignid=22198841906&gbraid=0AAAAA-hiYqwJtqMYC1VdFWoRM61R-vkUr&gclid=EAIaIQobChMIm-_7jrjYjQMVegitBh050RbHEAAYASAAEgLWKvD_BwE,content_interaction,phone_click,6,"Jun 4, 2025",Paid Search,google / cpc,1,
https://guildgolfcarts.com/golf-carts-for-sale-las-vegas/?gad_source=1&gad_campaignid=22192342059&gbraid=0AAAAA-hiYqyrPcCDpNz5DDC4mGYg0S4Vd&gclid=EAIaIQobChMIg_X5yPjCkwMVVCVECB01cy6yEAAYASAFEgLkyPD_BwE,form_interaction,form_submission,4,"Apr 2, 2026",Paid Search,google / cpc,4,
https://guildgolfcarts.com/golf-carts-for-sale-las-vegas/?gad_source=1&gclid=EAIaIQobChMIvJOF0tbiiwMVKTUIBR1c9hddEAAYAiAAEgJTOPD_BwE,form_interaction,form_submission,2,"Feb 26, 2025",Direct,(direct) / (none),2,0
https://guildgolfcarts.com/golf-carts-for-sale-las-vegas/?gad_source=1&gad_campaignid=22192342059&gclid=Cj0KCQiA5uDIBhDAARIsAOxj0CFXlCySBe5PjUl_KwnBsvPmC0IkkIN_eWDDpJqwYjFpvp1efkxeDV4aAqgfEALw_wcB,content_interaction,phone_click,11,"Nov 15, 2025",Paid Search,google / cpc,2,
https://guildgolfcarts.com/golf-carts-for-sale-las-vegas/?gad_source=1&gad_campaignid=22192342059&gbraid=0AAAAA-hiYqzvkF-2BEF3q_MlMyVgumEbc&gclid=EAIaIQobChMIkYr2_4jIkgMV3C3UAR3frjNMEAAYASAIEgLwEvD_BwE,content_interaction,phone_click,2,"Feb 7, 2026",Paid Search,google / cpc,2,
https://guildgolfcarts.com/golf-carts-for-sale-las-vegas/?gad_source=1&gbraid=0AAAAA-hiYqx0RwAKZUNRzqc2mEHw0ewaC&gclid=EAIaIQobChMImrTcwuPNiwMV2R1ECB2-yQQTEAAYASAAEgI3WvD_BwE,form_interaction,form_submission,2,"Feb 18, 2025",Paid Search,google / cpc,1,0
https://guildgolfcarts.com/golf-carts-for-sale-las-vegas/?gad_source=1&gbraid=0AAAAA-hiYqzO8HJJISNYOjV1J3UHyMn8l&gclid=EAIaIQobChMIl-fultHaiwMVNihECB0Gdg9LEAAYASAAEgJu7vD_BwE,form_interaction,form_submission,2,"Feb 23, 2025",Paid Search,google / cpc,1,0
https://guildgolfcarts.com/golf-carts-for-sale-las-vegas/,form_interaction,form_submission,2,"Feb 24, 2025",Organic Search,google / organic,1,0
https://guildgolfcarts.com/golf-carts-for-sale-las-vegas/,form_interaction,form_submission,4,"Apr 9, 2025",Paid Search,google / cpc,1,0
https://guildgolfcarts.com/golf-carts-for-sale-las-vegas/,content_interaction,phone_click,2,"Feb 25, 2025",Organic Search,google / organic,1,0
https://guildgolfcarts.com/golf-carts-for-sale-las-vegas/?gad_source=1&gad_campaignid=22192342059&gbraid=0AAAAA-hiYqy2MNoPqk_Y_WWBH0ff7M-f2&gclid=Cj0KCQjwqebEBhD9ARIsAFZMbfzoklgqo2VWe2BSKV2-Q3Cow4uY4ak0y8m9st7-UGHLVVJP6PRdjkoaAhyUEALw_wcB,content_interaction,phone_click,8,"Aug 11, 2025",Paid Search,google / cpc,1,
https://guildgolfcarts.com/golf-carts-for-sale-las-vegas/?gad_source=1&gad_campaignid=22192342059&gbraid=0AAAAA-hiYqzXtTQC4yGAPKAf7BiZhybWF&gclid=CjwKCAjw2vTFBhAuEiwAFaScwre1HgqtFvsyMM3crrCqkmQBFtqCPHBb2NSbReaWiqnIFCKoJ5zehRoCrGQQAvD_BwE,content_interaction,phone_click,9,"Sep 7, 2025",Paid Search,google / cpc,1,
https://guildgolfcarts.com/golf-carts-for-sale-las-vegas/?gad_source=1&gad_campaignid=22192342059&gbraid=0AAAAA-hiYqwowRJTFgPypvxMbAzCWhb6t&gclid=CjwKCAiAoNbIBhB5EiwAZFbYGPvMRat1EZaDfkSSVoK8bdJnmMFgOz3VOpW-YuBKr0gAEK8G1pH-wxoC9M4QAvD_BwE,content_interaction,phone_click,11,"Nov 13, 2025",Paid Search,google / cpc,1,
https://guildgolfcarts.com/golf-carts-for-sale-las-vegas/?gad_source=1&gad_campaignid=22192342059&gbraid=0AAAAA-hiYqwRYGX00BDn2sCIlwYYi80Se&gclid=CjwKCAiA09jKBhB9EiwAgB8l-N6k-jlBHl6QLpKrQcKHhgRjbpxzW2y64MK5n-ngV-cosr2l6euc-hoCj_kQAvD_BwE,content_interaction,phone_click,1,"Jan 1, 2026",Paid Search,google / cpc,1,
https://guildgolfcarts.com/golf-carts-for-sale-las-vegas/?gad_source=1&gad_campaignid=22192342059&gclid=CjwKCAiAvaLLBhBFEiwAYCNTf6CVynEJbQamKAGUdHOACf7WxBv8JZXIRVw6O6zEWjnQHKlrGEGEmhoCsusQAvD_BwE,content_interaction,phone_click,1,"Jan 15, 2026",Cross-network,(data not available),1,
https://guildgolfcarts.com/golf-carts-for-sale-las-vegas/?gad_source=1&gad_campaignid=22192342059&gbraid=0AAAAA-hiYqzt4P0NCofau04AxPhKGmlAn&gclid=EAIaIQobChMI6OrLj7K7kgMVOCNECB0tWAEGEAAYASAAEgJtIfD_BwE,content_interaction,phone_click,2,"Feb 2, 2026",Paid Search,google / cpc,1,
https://guildgolfcarts.com/golf-carts-for-sale-las-vegas/?gad_source=1&gad_campaignid=22192342059&gclid=Cj0KCQiAwYrNBhDcARIsAGo3u33q5YRxa6pjj2IdMUIxDhdAhEsv7UD-eLzP04tsMqMy72yiArNhfk4aAhyjEALw_wcB,content_interaction,phone_click,2,"Feb 28, 2026",Paid Search,google / cpc,1,
https://guildgolfcarts.com/golf-carts-for-sale-las-vegas/?srsltid=ChAIgMGKzQYQ4PDU0LW%2BnMQPElEAM12oCDyLqieKPs8bz2DsqE5CSt5UhZ0FJD2VrBg5Z428injtVGBvB6cNoH5G%2BUDnvdHH3BrA4Bv%2FV4eAxpIrHFbcsI5ZVomW%2Bp04V8ATs4gaAoWZ,content_interaction,phone_click,2,"Feb 28, 2026",Organic Search,google / organic,1,
https://guildgolfcarts.com/golf-carts-for-sale-las-vegas/?srsltid=ChAIgMGKzQYQ4PDU0LW%2BnMQPElEAM12oCIYWpw27cOlYKf9O%2BNobV3w%2FR84NUg9MIOlwyvg0cZ%2FMzmuyLVk5%2FHuZmi0aOWoqGmhNWoL6wWFcW0wphzGcLAmcC2QlH1zME5iNI30aAvVH,content_interaction,phone_click,2,"Feb 28, 2026",Organic Search,google / organic,1,
https://guildgolfcarts.com/golf-carts-for-sale-las-vegas/?srsltid=ChAI8IP5zQYQrKXOkuz4085lElEAQT1jBt2olWge5c4BJtZ47z00lJSK322j%2BQRI47Sc%2BNXfuGKMJLPjo%2F7fJoslOMepBc8ojGYz5nEyE%2B7mArGIrNQxVqi6P0yuftV1otuv8HAaAqPc&utm_source=chatgpt.com,content_interaction,phone_click,3,"Mar 21, 2026",Unassigned,chatgpt.com / (not set),1,
https://guildgolfcarts.com/golf-carts-for-sale-portland/,form_interaction,form_submission,10,"Oct 6, 2025",Organic Search,google / organic,2,
https://guildgolfcarts.com/golf-carts-for-sale-portland/?gad_source=1&gbraid=0AAAAA-hiYqyGvJkHvIEld9U0WweyPHONf&gclid=Cj0KCQjw4cS-BhDGARIsABg4_J2ZLsIx0l6XzFbv-6wRxnQHPxp0fGsGd7ZLf3jSnZ-XQdOmuTB-0tYaAt5WEALw_wcB,form_interaction,form_submission,3,"Mar 12, 2025",Paid Search,google / cpc,1,0
https://guildgolfcarts.com/golf-carts-for-sale-portland/?gad_source=1&gad_campaignid=22198791563&gbraid=0AAAAA-hiYqwrFjap7gjUMwZqrondpSeEx&gclid=CjwKCAiAkbbMBhB2EiwANbxtbWJxVY-L1sBRNE9ETIfCqDj6giXeHtcKl8kF1hOo-DJYGdrKUFYUBxoCVYUQAvD_BwE,form_interaction,form_submission,2,"Feb 12, 2026",Paid Search,google / cpc,1,
https://guildgolfcarts.com/golf-carts-for-sale-portland/,content_interaction,phone_click,3,"Mar 10, 2025",Organic Search,google / organic,1,0
https://guildgolfcarts.com/golf-carts-for-sale-portland/?gad_source=1&gbraid=0AAAAA-hiYqyGvJkHvIEld9U0WweyPHONf&gclid=Cj0KCQjw4cS-BhDGARIsABg4_J3r7yD4UK8QtE0ya_1TM0o2FoeZJd3gH4zdSi2vtYx1LRqefAe6cLEaAqIbEALw_wcB,content_interaction,phone_click,3,"Mar 12, 2025",Paid Search,google / cpc,1,0
https://guildgolfcarts.com/golf-carts-for-sale-portland/,content_interaction,phone_click,7,"Jul 11, 2025",Organic Search,google / organic,1,
https://guildgolfcarts.com/golf-carts-for-sale-portland/?srsltid=ChAI8Py%2FxQYQiIuH%2B%2BqXzrMnElEAfx3tlw8DIkjM6%2BtBl5rkr7ktv6efuinGKYtBFbU2puXvwvXOu4G8HEUvF7yg9Z5rMHc8Tmmz4x3CnjlsBNvvdID5fsc4mn0IKWlIP5EX%2BAkaAttr&utm_source=chatgpt.com,content_interaction,phone_click,8,"Aug 28, 2025",Unassigned,chatgpt.com / (not set),1,
https://guildgolfcarts.com/golf-carts-for-sale-portland/?gad_source=1&gad_campaignid=22198791563&gbraid=0AAAAA-hiYqzHDS85fCmPtvCo4oShCyWEC&gclid=Cj0KCQjwzt_FBhCEARIsAJGFWVk1Z3f_ClYaAGc0NRYWWcAbcQreYV8olyeBaiJ4Q5SSNgG-ZgR9UVIaApA6EALw_wcB,content_interaction,phone_click,9,"Sep 3, 2025",Paid Search,google / cpc,1,
https://guildgolfcarts.com/golf-carts-for-sale-portland/?srsltid=ChEIgNy%2FyQYQ49OP0oz9hemUARJRAPvm9E5vpRKydG3Ni16ONOJkyr%2BB5o2kT1n0yrEUuHhMv60QPS5nVCXWHF1dsNz4sGx0SEkDkrVFkvTNNfZmJIk8UGUebTDlHsf%2B6nfua0G7GgJiww%3D%3D,content_interaction,phone_click,12,"Dec 3, 2025",Paid Search,google / cpc,1,
https://guildgolfcarts.com/golf-carts-for-sale-portland/?gad_source=1&gad_campaignid=22198791563&gbraid=0AAAAA-hiYqy84JZZPC-ouLiLPRjvkmsF2&gclid=EAIaIQobChMIv7Xkl9fCkQMVqSitBh32fRx-EAAYASAAEgLr6PD_BwE,content_interaction,phone_click,12,"Dec 16, 2025",Paid Search,google / cpc,1,
https://guildgolfcarts.com/golf-carts-for-sale-portland/?gad_source=5&gad_campaignid=22132725529&gclid=EAIaIQobChMItJ_b4YvakQMVkgOtBh0moDvxEAAYAiAAEgLd6PD_BwE,content_interaction,phone_click,12,"Dec 25, 2025",Paid Search,google / cpc,1,
https://guildgolfcarts.com/golf-carts-for-sale-portland/?srsltid=ChEI8MmDzgYQrufDxu%2BCpu%2BnARJRAHR8CQJGLleqfcJaCf7cnHi9alfzps1wmaJ9d5TVJTARsEbqGSlTX0tC7E6i8NNz4VHGiqM%2FdhPDaJi%2BqY10lmNfyPH47VYKKPJLtlpvGHOAGgKaDg%3D%3D,content_interaction,phone_click,3,"Mar 23, 2026",Organic Search,google / organic,1,
https://guildgolfcarts.com/golf-carts-for-sale-portland/?gad_source=1&gad_campaignid=22198791563&gbraid=0AAAAA-hiYqxg9CRJjWAbxifxdmV0c5Otv&gclid=EAIaIQobChMIgJClq4GhjgMVbzWtBh3O5yH9EAAYASAAEgJuJvD_BwE,form_interaction,form_submission,7,"Jul 3, 2025",Paid Search,google / cpc,1,
https://guildgolfcarts.com/golf-carts-for-sale-portland/?gad_source=1&gad_campaignid=22198791563&gclid=Cj0KCQjw953DBhCyARIsANhIZoZlKus_R6AltBFJ2-_vcrGtV334vKEdAyxPaTlbmctK6hV__H2pWE8aAm9hEALw_wcB,form_interaction,form_submission,7,"Jul 4, 2025",Paid Search,google / cpc,1,
https://guildgolfcarts.com/golf-carts-for-sale-portland/?gad_source=1&gad_campaignid=22198791563&gbraid=0AAAAA-hiYqxp8NZ_AeuxU52uWTJlWJvPH&gclid=Cj0KCQjwvajDBhCNARIsAEE29Wr7HOh7Z6kcTd97JPPabOE02RZy_pVJd_DtKxZFRPnePS2rp7ShuNoaAkfsEALw_wcB,form_interaction,form_submission,7,"Jul 6, 2025",Paid Search,google / cpc,1,
https://guildgolfcarts.com/golf-carts-for-sale-portland/?gad_source=1&gad_campaignid=22198791563&gbraid=0AAAAA-hiYqzXM5Ii3LmXgQalZS57h2NYG&gclid=Cj0KCQjwndHEBhDVARIsAGh0g3DyH-hmGU9dX1bBU6flR22kjLbh9dGsX_AYQxbzZGE_fsIo8Nh3nWsaAqknEALw_wcB,form_interaction,form_submission,8,"Aug 7, 2025",Paid Search,google / cpc,1,
https://guildgolfcarts.com/golf-carts-for-sale-portland/?gad_source=1&gad_campaignid=22198791563&gclid=CjwKCAjwl_XBBhAUEiwAWK2hzinyDir20HeL9cmuqEjCnQmrj8UYRvI7fCKX1ioIgjor4X8u5JEtGxoC52MQAvD_BwE,content_interaction,phone_click,6,"Jun 2, 2025",Paid Search,google / cpc,1,
https://guildgolfcarts.com/golf-carts-for-sale-portland/?gad_source=1&gad_campaignid=22198791563&gbraid=0AAAAA-hiYqwCFsRohQxifbZ69z95RKivt&gclid=EAIaIQobChMIwNvnybHYjQMVOiNECB2AHy_sEAAYASAAEgIIO_D_BwE,content_interaction,phone_click,6,"Jun 4, 2025",Paid Search,google / cpc,1,
https://guildgolfcarts.com/golf-carts-for-sale-portland/?gad_source=1&gad_campaignid=22198791563&gclid=CjwKCAjwvuLDBhAOEiwAPtF0ViBlHGaQt99WG9VCH0CrymFBTGcXMg4NhBeIHmu2fwBgwQJNrU8RwxoCEF4QAvD_BwE,content_interaction,phone_click,7,"Jul 17, 2025",Paid Search,google / cpc,1,
https://guildgolfcarts.com/golf-carts-for-sale-seattle/,content_interaction,phone_click,4,"Apr 30, 2025",Direct,(direct) / (none),2,
https://guildgolfcarts.com/golf-carts-for-sale-seattle/,form_interaction,form_submission,3,"Mar 16, 2025",Organic Search,google / organic,1,0
https://guildgolfcarts.com/golf-carts-for-sale-seattle/?srsltid=ChEI8KX%2BwgYQk%2Fq8%2Fdzis5fUARJRACQfIpfYUSNhrbX%2BnFCgeTG2C3ho4xLP%2B5mDFKbu6SWFEzmEXD%2Bi%2F%2Fg1kALjec%2BPkGqELpuBQnvaP570Oj4UliS04pIsWthBupRzzKeWsDNKGgI45A%3D%3D,form_interaction,form_submission,6,"Jun 28, 2025",Organic Search,google / organic,1,
https://guildgolfcarts.com/golf-carts-for-sale-seattle/?srsltid=ChEI8JCCxAYQ1tjKws2V9qGnARJRAAwAzv2JOpP6TahDa%2B6ngVCcy69OcJfGH7%2FxK8QzlICneq2EoYEMXiNHjD22Mvlzp1oQdjIIOYK5Y7jCN7EKlCjUYP8p9HONRjbEGzFQHQR4GgK3Lw%3D%3D,form_interaction,form_submission,7,"Jul 23, 2025",Organic Search,google / organic,1,
https://guildgolfcarts.com/golf-carts-for-sale-seattle/,form_interaction,form_submission,8,"Aug 18, 2025",Organic Search,google / organic,1,
https://guildgolfcarts.com/golf-carts-for-sale-seattle/?srsltid=ChAIgP%2FEyQYQh9m0guabg6R5ElEALrCoGu03qFjG%2BWnIfAIQ%2F%2BkZExwTt31guqX8OzfqLarjGUwX0O2Z392tiErzj4UmCH9VHL8gt9OMa0BYRbpO5pVugroVHSk8I0RIF9zL9doaAohA,form_interaction,form_submission,12,"Dec 4, 2025",Organic Search,google / organic,1,
https://guildgolfcarts.com/golf-carts-for-sale-seattle/?srsltid=ChAIgOSPzQYQqoynkvevgOkyElEAGrw5VSr%2BwGWoQTgdQ4oOjMp%2BDs5kkkuso1%2Ft2SuBh2bc%2FVrDz0JbvSJ7J42wLcFuDvHAvmq6iYA9Wuxw35cJ%2BAO3J7wXCuzooNOrs4T9Pd0aAunQ,form_interaction,form_submission,3,"Mar 1, 2026",Organic Search,google / organic,1,
https://guildgolfcarts.com/golf-carts-for-sale-seattle/?gad_source=1&gbraid=0AAAAA-hiYqx8nu8fHyqT0Ac8KweoktK4U&gclid=EAIaIQobChMIqN64nKmZjAMVDSitBh0nhBMIEAAYASAAEgJr0PD_BwE,content_interaction,phone_click,3,"Mar 20, 2025",Paid Search,google / cpc,1,0
https://guildgolfcarts.com/golf-carts-for-sale-seattle/?srsltid=ChAI8N3%2FwQYQ98PIs%2FjFoMQKElEA8iLs22plOjeiVZ06EN9wQ0GfjvqUpnHbS5vOOoyoYJipbyt9BkkzvySHSqpP7B%2FHvqIV%2FZ3Al8aE2zg3LpAOyYjM1ndbAk4ynWO%2FWeMDVk4aAneL,content_interaction,phone_click,6,"Jun 4, 2025",Organic Search,google / organic,1,
https://guildgolfcarts.com/golf-carts-for-sale-seattle/,content_interaction,phone_click,7,"Jul 1, 2025",Direct,(direct) / (none),1,
https://guildgolfcarts.com/golf-carts-for-sale-seattle/,content_interaction,phone_click,7,"Jul 6, 2025",Organic Search,duckduckgo / organic,1,
https://guildgolfcarts.com/golf-carts-for-sale-seattle/,content_interaction,phone_click,7,"Jul 17, 2025",Organic Search,google / organic,1,
https://guildgolfcarts.com/golf-carts-for-sale-seattle/,content_interaction,phone_click,9,"Sep 3, 2025",Organic Search,google / organic,1,
https://guildgolfcarts.com/golf-carts-for-sale-seattle/,session_start,phone_click,9,"Sep 3, 2025",Organic Search,google / organic,1,
https://guildgolfcarts.com/golf-carts-for-sale-seattle/?gad_source=1&gad_campaignid=22202718124&gbraid=0AAAAA-hiYqz3UN5gQ4-TaqsX0PEIeJGEt&gclid=CjwKCAjw9uPCBhATEiwABHN9K2mDZdnzeep355knbmJPrOFNw5rwTuwE8JrZ1O43MU-dg8aHaQKp-BoCM_0QAvD_BwE,content_interaction,phone_click,6,"Jun 23, 2025",Paid Search,google / cpc,1,
https://guildgolfcarts.com/golf-carts-for-sale-seattle/?gad_source=1&gad_campaignid=22202718124&gbraid=0AAAAA-hiYqxndoTMRSTF2Cs2IpNaRrFZY&gclid=CjwKCAjw7MLDBhAuEiwAIeXGIR5hy5sUVjCFk5V0HxhPYQMd6GjzqhxxptiiPx6dMdngMoFXGA_OZhoC6ZoQAvD_BwE,content_interaction,phone_click,7,"Jul 11, 2025",Paid Search,google / cpc,1,
https://guildgolfcarts.com/golf-carts-for-sale-st-george/?gad_source=1&gad_campaignid=22132725529&gbraid=0AAAAA-hiYqzrW6fL5CxTWRJ16v2YkReAd&gclid=Cj0KCQjw2IDFBhDCARIsABDKOJ7ReWONJOvdtnfO0uQDo978OYigE778yZFrck7IM5dcUL2iq3PLf7oaAki_EALw_wcB,content_interaction,phone_click,8,"Aug 16, 2025",Paid Search,google / cpc,2,
https://guildgolfcarts.com/golf-carts-for-sale-st-george/?gad_source=1&gad_campaignid=22202746687&gbraid=0AAAAA-hiYqyhrhejlQsr2s-TZuM5NXrcW&gclid=Cj0KCQjw6bfHBhDNARIsAIGsqLiuYU5LdGf0hBqPEJqdO3DdR2QlDJUdsoPJnzsJZH4K44HekSHq4BsaAnVfEALw_wcB,content_interaction,phone_click,10,"Oct 14, 2025",Paid Search,google / cpc,2,
https://guildgolfcarts.com/golf-carts-for-sale-st-george/?gad_source=1&gbraid=0AAAAA-hiYqxzWEADZVNabvEduhi3yIwOt&gclid=CjwKCAjwn6LABhBSEiwAsNJrjjIOkE6YavQmifUsX71lEo4uk-S3q98XgLeesPUSRdswKUAk5chwZxoCN-QQAvD_BwE,form_interaction,form_submission,4,"Apr 23, 2025",Paid Search,google / cpc,1,
https://guildgolfcarts.com/golf-carts-for-sale-st-george/,content_interaction,phone_click,4,"Apr 17, 2025",Organic Search,google / organic,1,
https://guildgolfcarts.com/golf-carts-for-sale-st-george/?srsltid=ChAI8NKkwgYQ9rjl38Gm9vR%2BElEAkJFtXmTtM9oNdIpuOMov2MFcTk7%2F%2BHNxPmJjLeFDh79fJyY%2FkgmBRNITxVtH1JBXgPJ0O2HoiBC4x1ESPwzEJ8qkutq7PLzYPBbPFOsRODcaAo5P,content_interaction,phone_click,6,"Jun 11, 2025",Organic Search,google / organic,1,
https://guildgolfcarts.com/golf-carts-for-sale-st-george/?srsltid=ChAI8NiAxQYQ7IzDu%2BeTlf0zElEA06DYY%2FZ81NUlbJbJ%2BqBfrpEjOe8Bv6E9uc2m5cv8PlWBnq2FReAYO84U2R4%2F9D0fIi7JpqnmOGC5w65zrVdIDWDhi12YQfJoVCQPgOcV7ccaAhYk,content_interaction,phone_click,8,"Aug 16, 2025",Paid Search,google / cpc,1,
https://guildgolfcarts.com/golf-carts-for-sale-st-george/?gad_source=1&gad_campaignid=22202746687&gbraid=0AAAAA-hiYqytd6TT-ItGHvu0-yTKbLOuU&gclid=CjwKCAjw6vHHBhBwEiwAq4zvA9I6BO30TI9Pqxi1qA0HyhwA8EL4ujH5L4SZzp5_jiaF6QcgJMNnTRoCH_UQAvD_BwE,content_interaction,phone_click,10,"Oct 25, 2025",Paid Search,google / cpc,1,
https://guildgolfcarts.com/golf-carts-for-sale/?gad_source=1&gad_campaignid=22202718124&gclid=Cj0KCQiA7rDMBhCjARIsAGDBuECP5FGEL7H4i6Zqgpg48gZq3t53uw-u1yUk1ehfDRAyMHskhvB6hycaAtp-EALw_wcB,content_interaction,phone_click,2,"Feb 11, 2026",Paid Search,google / cpc,1,
https://guildgolfcarts.com/golf-carts-for-sale/?gad_source=1&gad_campaignid=22192342059&gbraid=0AAAAA-hiYqxP3SNcwpnb_SEis3iDqh9IO&gclid=CjwKCAjwlt7GBhAvEiwAKal0cn4IP8WEb64zu5e4ZoUjyrJ08Xv2Y9AwGXL_UJPOreiGZxUCPSmtwhoC0ZcQAvD_BwE,content_interaction,phone_click,9,"Sep 27, 2025",Paid Search,google / cpc,4,
https://guildgolfcarts.com/golf-carts-for-sale/?gad_source=1&gad_campaignid=22192342059&gclid=Cj0KCQjw8KrFBhDUARIsAMvIApbC-aYyGkKdxCO3mc6TKoebosVmX3CDWxvI4NjW0K_vrSHHx-mSBigaAiQdEALw_wcB,content_interaction,phone_click,8,"Aug 24, 2025",Paid Search,google / cpc,2,
https://guildgolfcarts.com/golf-carts-for-sale/?gad_source=1&gclid=Cj0KCQiAq-u9BhCjARIsANLj-s343gZhY8Ko0Q8o60Y2ZFBWhSBbKIrBNRYvwBJQvW1mvqinkPmXsKMaArjREALw_wcB,financing_leads,(not set),2,"Feb 23, 2025",Paid Search,google / cpc,1,0
https://guildgolfcarts.com/golf-carts-for-sale/?gad_source=1&gbraid=0AAAAA-hiYqyZBzhTQSKvxWNs9slpyL6lX&gclid=EAIaIQobChMIgJPB6LnpiwMVNM3CBB2myCYXEAAYASABEgKEpfD_BwE,financing_leads,(not set),3,"Mar 1, 2025",Paid Search,google / cpc,1,0
https://guildgolfcarts.com/golf-carts-for-sale/,financing_leads,(not set),5,"May 1, 2025",Organic Search,google / organic,1,
https://guildgolfcarts.com/golf-carts-for-sale/,financing_leads,(not set),5,"May 17, 2025",Direct,(direct) / (none),1,
https://guildgolfcarts.com/golf-carts-for-sale/?srsltid=ChEI8LnAwQYQ8eeh9ZCO6%2F%2BJARJRAA20J0c8KV9iT%2BoC9QJZ%2BcpfPGahFVn5hMa0HwG9HIzRE08qRuSjmHTg%2FAGVgOgQ8dvyO95gPUnCqmZjXbAvkzC9p12Nfj0IZ4yDNzZ4kmQdGgLBKg%3D%3D,financing_leads,(not set),5,"May 23, 2025",Organic Search,google / organic,1,
https://guildgolfcarts.com/golf-carts-for-sale/,financing_leads,(not set),6,"Jun 11, 2025",Organic Search,google / organic,1,
https://guildgolfcarts.com/golf-carts-for-sale/,financing_leads,(not set),6,"Jun 17, 2025",Organic Search,google / organic,1,
https://guildgolfcarts.com/golf-carts-for-sale/,financing_leads,(not set),7,"Jul 24, 2025",Referral,atvtrader.com / referral,1,
https://guildgolfcarts.com/golf-carts-for-sale/?gad_source=1&gad_campaignid=22198791563&gclid=Cj0KCQjwwsrFBhD6ARIsAPnUFD24Eo6AxOgSFxUrB9r_Eyvvpkxx-cuDOQFiJ6Qz5bWrO5onCBV3xXUaAnVaEALw_wcB,financing_leads,(not set),8,"Aug 30, 2025",Paid Search,google / cpc,1,
https://guildgolfcarts.com/golf-carts-for-sale/?gad_source=1&gad_campaignid=22192342059&gclid=Cj0KCQiApL7KBhC7ARIsAD2Xq3DVpHtOBCxiLlut_8Sh-QknrNHd6X7H31ykk-dUq_frqa_hTbM1HSkaAioGEALw_wcB,financing_leads,(not set),12,"Dec 27, 2025",Paid Search,google / cpc,1,
https://guildgolfcarts.com/golf-carts-for-sale/?gad_source=5&gad_campaignid=22132725529&gclid=EAIaIQobChMIjv-f7ozckgMViRGtBh2e1xeHEAAYASAAEgLh9_D_BwE,financing_leads,(not set),2,"Feb 15, 2026",Paid Search,google / cpc,1,
https://guildgolfcarts.com/golf-carts-for-sale/,financing_leads,(not set),2,"Feb 17, 2026",Organic Search,yahoo / organic,1,
https://guildgolfcarts.com/golf-carts-for-sale/,form_interaction,form_submission,4,"Apr 17, 2025",Organic Search,google / organic,1,
https://guildgolfcarts.com/golf-carts-for-sale/,form_interaction,form_submission,5,"May 25, 2025",Organic Shopping,google / organic,1,
https://guildgolfcarts.com/golf-carts-for-sale/?gad_source=5&gad_campaignid=22132725529&gclid=EAIaIQobChMIpY3fvbCTkAMVlyrUAR3KRzXXEAAYASAAEgIUifD_BwE,form_interaction,form_submission,10,"Oct 7, 2025",Paid Search,google / cpc,1,
https://guildgolfcarts.com/golf-carts-for-sale/,content_interaction,phone_click,5,"May 21, 2025",Organic Search,yahoo / organic,1,
https://guildgolfcarts.com/golf-carts-for-sale/?gad_source=1&gad_campaignid=22202718124&gbraid=0AAAAA-hiYqzacn8dnBMCv-EcvWsc1iBMa&gclid=EAIaIQobChMI96Ol3a_ZkAMVEi2tBh1RuA9lEAAYASABEgK8CfD_BwE,content_interaction,phone_click,11,"Nov 4, 2025",Paid Search,google / cpc,1,
https://guildgolfcarts.com/golf-carts-for-sale/,content_interaction,phone_click,12,"Dec 17, 2025",Direct,(direct) / (none),1,
https://guildgolfcarts.com/golf-carts-for-sale/?gad_source=5&gad_campaignid=22132725529&gclid=EAIaIQobChMI5r376In-kAMVBhutBh1PVRRdEAAYASAAEgJgqfD_BwE,form_interaction,form_submission,11,"Nov 19, 2025",Paid Search,google / cpc,2,
https://guildgolfcarts.com/golf-carts-for-sale/?gad_source=1&gad_campaignid=22198791563&gclid=CjwKCAjwprjDBhBTEiwA1m1d0kTmROHjuyRvpfDnNKutVoiQsEPtQZ4FCJz1NJdDAV6FcR2O6Ni3mRoCPmEQAvD_BwE,form_interaction,form_submission,7,"Jul 9, 2025",Cross-network,(data not available),2,
https://guildgolfcarts.com/golf-carts-for-sale/?gad_source=1&gad_campaignid=22198791563&gclid=CjwKCAjwprjDBhBTEiwA1m1d0kTmROHjuyRvpfDnNKutVoiQsEPtQZ4FCJz1NJdDAV6FcR2O6Ni3mRoCPmEQAvD_BwE,financing_leads,(not set),7,"Jul 9, 2025",Cross-network,(data not available),1,
https://guildgolfcarts.com/golf-carts-for-sale/?gad_source=1&gad_campaignid=22202718124&gbraid=0AAAAA-hiYqxXCFzFav0X3eBAJMtuEsOr_&gclid=CjwKCAjw56DBBhAkEiwAaFsG-ivhky0EdmBV8WtsGRLoCtJB1klod3hS6Z24aGRQ5ydhCmW6aUqhRxoCSigQAvD_BwE,financing_leads,(not set),5,"May 17, 2025",Paid Search,google / cpc,1,
https://guildgolfcarts.com/golf-carts-las-vegas/,content_interaction,phone_click,8,"Aug 11, 2025",Organic Search,google / organic,4,
https://guildgolfcarts.com/golf-carts-las-vegas/,form_interaction,form_submission,4,"Apr 22, 2025",Organic Search,duckduckgo / organic,2,
https://guildgolfcarts.com/golf-carts-las-vegas/,form_interaction,form_submission,12,"Dec 4, 2025",Organic Search,bing / organic,2,
https://guildgolfcarts.com/golf-carts-las-vegas/?gad_source=1&gad_campaignid=22198791563&gbraid=0AAAAA-hiYqwL3E8dN700qc36lG0Cm2wg4&gclid=Cj0KCQiAgP_JBhD-ARIsANpEMxxDzg8kVofP1JT8h-Oq05JFinkzuC2HavKoswd3x2tZ4iOBFHdA30UaAtagEALw_wcB,form_interaction,form_submission,12,"Dec 15, 2025",Paid Search,google / cpc,2,
https://guildgolfcarts.com/golf-carts-las-vegas/?gad_source=1&gad_campaignid=22132725529&gbraid=0AAAAA-hiYqwTBnqZep16GJRLSbZuwDaMD&gclid=Cj0KCQiAuvTJBhCwARIsAL6DemighPw2ZKY3-HLmeu7x6T8Oz43_xJGpEUpIXkCzu9Qlidd1PNZQjSUaAsV-EALw_wcB,content_interaction,phone_click,12,"Dec 13, 2025",Paid Search,google / cpc,2,
https://guildgolfcarts.com/golf-carts-las-vegas/,content_interaction,phone_click,12,"Dec 24, 2025",Paid Search,google / cpc,2,
https://guildgolfcarts.com/golf-carts-las-vegas/,form_interaction,form_submission,6,"Jun 24, 2025",Organic Search,bing / organic,1,
https://guildgolfcarts.com/golf-carts-las-vegas/,form_interaction,form_submission,7,"Jul 3, 2025",Organic Search,bing / organic,1,
https://guildgolfcarts.com/golf-carts-las-vegas/,content_interaction,phone_click,5,"May 30, 2025",Direct,(direct) / (none),1,
https://guildgolfcarts.com/golf-carts-las-vegas/,content_interaction,phone_click,8,"Aug 12, 2025",Organic Search,google / organic,1,
https://guildgolfcarts.com/golf-carts-las-vegas/,content_interaction,phone_click,8,"Aug 18, 2025",Organic Search,yahoo / organic,1,
https://guildgolfcarts.com/golf-carts-las-vegas/,content_interaction,phone_click,10,"Oct 6, 2025",Direct,(direct) / (none),1,
https://guildgolfcarts.com/golf-carts-las-vegas/,content_interaction,phone_click,11,"Nov 18, 2025",Direct,(direct) / (none),1,
https://guildgolfcarts.com/golf-carts-las-vegas/?gad_source=1&gad_campaignid=22198791563&gbraid=0AAAAA-hiYqwL3E8dN700qc36lG0Cm2wg4&gclid=Cj0KCQiAgP_JBhD-ARIsANpEMxxDzg8kVofP1JT8h-Oq05JFinkzuC2HavKoswd3x2tZ4iOBFHdA30UaAtagEALw_wcB,content_interaction,phone_click,12,"Dec 15, 2025",Paid Search,google / cpc,1,
https://guildgolfcarts.com/golf-carts-las-vegas/,content_interaction,phone_click,12,"Dec 17, 2025",Direct,(direct) / (none),1,
https://guildgolfcarts.com/golf-carts-las-vegas/,content_interaction,phone_click,12,"Dec 26, 2025",Paid Search,google / cpc,1,
https://guildgolfcarts.com/golf-carts-las-vegas/,content_interaction,phone_click,1,"Jan 19, 2026",Unassigned,(not set),1,
https://guildgolfcarts.com/golf-carts-las-vegas/,content_interaction,phone_click,2,"Feb 3, 2026",Organic Search,google / organic,1,
https://guildgolfcarts.com/golf-carts-las-vegas/,content_interaction,phone_click,2,"Feb 9, 2026",Organic Search,google / organic,1,
https://guildgolfcarts.com/golf-carts-las-vegas/,content_interaction,phone_click,2,"Feb 27, 2026",Paid Search,google / cpc,1,
https://guildgolfcarts.com/golf-carts-las-vegas/?gad_source=1&gad_campaignid=22192342059&gclid=EAIaIQobChMI39X2rabIkwMV8TxECB3PvBzVEAAYASAAEgJ8nvD_BwE,content_interaction,phone_click,3,"Mar 30, 2026",Paid Search,google / cpc,1,
https://guildgolfcarts.com/golf-carts-portland/,content_interaction,phone_click,6,"Jun 23, 2025",Paid Search,google / cpc,2,
https://guildgolfcarts.com/golf-carts-portland/,content_interaction,phone_click,8,"Aug 1, 2025",Organic Search,google / organic,2,
https://guildgolfcarts.com/golf-carts-portland/,content_interaction,phone_click,10,"Oct 20, 2025",Direct,(direct) / (none),2,
https://guildgolfcarts.com/golf-carts-portland/,form_interaction,form_submission,3,"Mar 13, 2025",Organic Search,google / organic,1,0
https://guildgolfcarts.com/golf-carts-portland/,form_interaction,form_submission,6,"Jun 8, 2025",Organic Search,google / organic,1,
https://guildgolfcarts.com/golf-carts-portland/,form_interaction,form_submission,8,"Aug 12, 2025",Organic Search,google / organic,1,
https://guildgolfcarts.com/golf-carts-portland/,form_interaction,form_submission,12,"Dec 28, 2025",Direct,(direct) / (none),1,
https://guildgolfcarts.com/golf-carts-portland/,form_interaction,form_submission,3,"Mar 9, 2026",Organic Search,duckduckgo / organic,1,
https://guildgolfcarts.com/golf-carts-portland/,form_interaction,form_submission,3,"Mar 28, 2026",Organic Search,google / organic,1,
https://guildgolfcarts.com/golf-carts-portland/,content_interaction,phone_click,6,"Jun 3, 2025",Direct,(direct) / (none),1,
https://guildgolfcarts.com/golf-carts-portland/,content_interaction,phone_click,6,"Jun 6, 2025",Direct,(direct) / (none),1,
https://guildgolfcarts.com/golf-carts-portland/,content_interaction,phone_click,6,"Jun 9, 2025",Organic Search,google / organic,1,
https://guildgolfcarts.com/golf-carts-portland/,content_interaction,phone_click,6,"Jun 14, 2025",Organic Search,google / organic,1,
https://guildgolfcarts.com/golf-carts-portland/,content_interaction,phone_click,6,"Jun 16, 2025",Paid Search,google / cpc,1,
https://guildgolfcarts.com/golf-carts-portland/,content_interaction,phone_click,6,"Jun 27, 2025",Organic Search,google / organic,1,
https://guildgolfcarts.com/golf-carts-portland/,content_interaction,phone_click,7,"Jul 10, 2025",Organic Search,duckduckgo / organic,1,
https://guildgolfcarts.com/golf-carts-portland/,content_interaction,phone_click,7,"Jul 29, 2025",Organic Search,bing / organic,1,
https://guildgolfcarts.com/golf-carts-portland/,content_interaction,phone_click,8,"Aug 2, 2025",Direct,(direct) / (none),1,
https://guildgolfcarts.com/golf-carts-portland/,content_interaction,phone_click,8,"Aug 2, 2025",Organic Search,google / organic,1,
https://guildgolfcarts.com/golf-carts-portland/,content_interaction,phone_click,8,"Aug 13, 2025",Direct,(direct) / (none),1,
https://guildgolfcarts.com/golf-carts-portland/,content_interaction,phone_click,8,"Aug 22, 2025",Organic Search,google / organic,1,
https://guildgolfcarts.com/golf-carts-portland/,content_interaction,phone_click,10,"Oct 7, 2025",Direct,(direct) / (none),1,
https://guildgolfcarts.com/golf-carts-portland/,content_interaction,phone_click,10,"Oct 18, 2025",Cross-network,(data not available),1,
https://guildgolfcarts.com/golf-carts-portland/,content_interaction,phone_click,10,"Oct 23, 2025",Organic Search,google / organic,1,
https://guildgolfcarts.com/golf-carts-portland/,content_interaction,phone_click,10,"Oct 28, 2025",Organic Search,google / organic,1,
https://guildgolfcarts.com/golf-carts-portland/,content_interaction,phone_click,11,"Nov 11, 2025",Organic Search,google / organic,1,
https://guildgolfcarts.com/golf-carts-portland/,content_interaction,phone_click,12,"Dec 11, 2025",Organic Search,yahoo / organic,1,
https://guildgolfcarts.com/golf-carts-portland/,content_interaction,phone_click,2,"Feb 17, 2026",Direct,(direct) / (none),1,
https://guildgolfcarts.com/golf-carts-portland/,content_interaction,phone_click,2,"Feb 18, 2026",Organic Search,google / organic,1,
https://guildgolfcarts.com/golf-carts-seattle/,form_interaction,form_submission,6,"Jun 14, 2025",Organic Search,google / organic,2,
https://guildgolfcarts.com/golf-carts-seattle/,form_interaction,form_submission,6,"Jun 24, 2025",Organic Search,google / organic,2,
https://guildgolfcarts.com/golf-carts-seattle/,form_interaction,form_submission,2,"Feb 23, 2026",Organic Search,google / organic,2,
https://guildgolfcarts.com/golf-carts-seattle/,content_interaction,phone_click,8,"Aug 2, 2025",Organic Search,google / organic,2,
https://guildgolfcarts.com/golf-carts-seattle/,content_interaction,phone_click,8,"Aug 23, 2025",Organic Search,google / organic,2,
https://guildgolfcarts.com/golf-carts-seattle/,form_interaction,form_submission,2,"Feb 10, 2025",Organic Search,google / organic,1,0
https://guildgolfcarts.com/golf-carts-seattle/,form_interaction,form_submission,3,"Mar 17, 2025",Organic Search,google / organic,1,0
https://guildgolfcarts.com/golf-carts-seattle/?srsltid=ChAIgKLKyQYQuuHPsNr0ycAmElEAsy6iu%2BloEcbqVEH5snfQRvEbstajZX7%2FeRxP6%2FD2yCplfCHEPOjhBunt8rqT%2B4E1OfYPQR%2F9mBm8L9SscLL4tkc0Xg%2FF%2BJ3rZwtnLju3SMQaAj%2B6,form_interaction,form_submission,12,"Dec 5, 2025",Organic Search,google / organic,1,
https://guildgolfcarts.com/golf-carts-seattle/?srsltid=ChAIgKLKyQYQuuHPsNr0ycAmElEAsy6iuwlZtbYKc3Sm0d%2Ftb6Mg1FU5V5h9QKf92VY4WFR0RCe4k4Q%2FmsHrkVU5rVXr4YT7pUc3rxN7bIsOo3L%2FGvhajj%2BxnCwE80H4KHucsPEaAi17,form_interaction,form_submission,12,"Dec 5, 2025",Organic Search,google / organic,1,
https://guildgolfcarts.com/golf-carts-seattle/?srsltid=ChAIgKLKyQYQuuHPsNr0ycAmElEAsy6iuzoQvrQ5DjxtLmPrZp6MtE15QN5Yi2P15Lp3EygHjAxQxJTbhGFLPlrMMTS0sVFsokVfQ3BhYfazV2bVJwHgK%2F9xbyC%2F2ATa%2FKB0ntYaAv9P,form_interaction,form_submission,12,"Dec 5, 2025",Organic Search,google / organic,1,
https://guildgolfcarts.com/golf-carts-seattle/,form_interaction,form_submission,3,"Mar 3, 2026",Organic Search,google / organic,1,
https://guildgolfcarts.com/golf-carts-seattle/,content_interaction,phone_click,7,"Jul 1, 2025",Organic Search,google / organic,1,
https://guildgolfcarts.com/golf-carts-seattle/,content_interaction,phone_click,7,"Jul 7, 2025",Organic Search,google / organic,1,
https://guildgolfcarts.com/golf-carts-seattle/,content_interaction,phone_click,7,"Jul 8, 2025",Organic Search,duckduckgo / organic,1,
https://guildgolfcarts.com/golf-carts-seattle/,content_interaction,phone_click,7,"Jul 15, 2025",Organic Search,google / organic,1,
https://guildgolfcarts.com/golf-carts-seattle/,content_interaction,phone_click,7,"Jul 18, 2025",Organic Search,google / organic,1,
https://guildgolfcarts.com/golf-carts-seattle/,content_interaction,phone_click,9,"Sep 8, 2025",Organic Search,duckduckgo / organic,1,
https://guildgolfcarts.com/golf-carts-seattle/,content_interaction,phone_click,9,"Sep 19, 2025",Direct,(direct) / (none),1,
https://guildgolfcarts.com/golf-carts-seattle/,content_interaction,phone_click,9,"Sep 20, 2025",Organic Search,google / organic,1,
https://guildgolfcarts.com/golf-carts-seattle/,content_interaction,phone_click,11,"Nov 28, 2025",Direct,(direct) / (none),1,
https://guildgolfcarts.com/golf-carts-seattle/,content_interaction,phone_click,2,"Feb 6, 2026",Organic Search,google / organic,1,
https://guildgolfcarts.com/golf-carts-st-george/,content_interaction,phone_click,11,"Nov 29, 2025",Organic Search,google / organic,1,
https://guildgolfcarts.com/how-do-you-fix-a-gas-golf-cart-that-won-t-start/,content_interaction,phone_click,2,"Feb 15, 2025",Organic Search,google / organic,1,0
https://guildgolfcarts.com/how-do-you-test-a-gas-solenoid-on-a-golf-cart/,content_interaction,phone_click,7,"Jul 18, 2025",Organic Search,google / organic,2,
https://guildgolfcarts.com/how-do-you-use-a-fairplay-golf-cart-parts-manual/?srsltid=ChEI8JWkxgYQqYO21ZW0uvujARJRAEL2LjYdXutEU7uaQfquivSxHMwkIyNUNYOIqQsuwDU6%2BhDMASucZnSgv98L7FtLZY4S7RkIID%2FTv2Rjg8NHgNk%2F4YSPsQMT4DHBS9eiCsC%2FGgJrDA%3D%3D,content_interaction,phone_click,9,"Sep 16, 2025",Organic Search,google / organic,1,
https://guildgolfcarts.com/how-do-you-wire-a-golf-cart-motor-with-a1-a2-s1-and-s2-terminals/?srsltid=ChAI8KOtxwYQyu3EtJ63sasKElEA5jKk1mT9avz7xQrYDh6Dp%2Bx0MrwQVzygT8AcFp5FDlkWoMJGBfCTmF9B4zXqtP%2BsfeNpVGvdTtJM2owkeXjcC8C91KP%2FcKUBE82cFzWB7wsaAo5L,content_interaction,phone_click,10,"Oct 12, 2025",Organic Search,google / organic,1,
https://guildgolfcarts.com/how-fast-can-a-golf-cart-go-without-a-governor/,content_interaction,phone_click,3,"Mar 10, 2025",Organic Search,google / organic,1,0
https://guildgolfcarts.com/how-fast-can-a-golf-cart-go-without-a-governor/,content_interaction,phone_click,7,"Jul 26, 2025",Organic Search,google / organic,1,
https://guildgolfcarts.com/how-fast-does-a-72-volt-golf-cart-go/,content_interaction,phone_click,6,"Jun 5, 2025",Organic Search,google / organic,2,
https://guildgolfcarts.com/how-many-amps-does-a-golf-cart-motor-draw/,content_interaction,phone_click,8,"Aug 2, 2025",Organic Search,google / organic,1,
https://guildgolfcarts.com/how-much-are-lithium-golf-cart-batteries/,content_interaction,phone_click,3,"Mar 21, 2025",Direct,(direct) / (none),1,0
https://guildgolfcarts.com/how-much-does-a-golf-cart-motor-weigh/,content_interaction,phone_click,7,"Jul 30, 2025",Organic Search,google / organic,2,
https://guildgolfcarts.com/how-much-does-it-cost-to-convert-a-36v-golf-cart-to-48v/,content_interaction,phone_click,5,"May 16, 2025",Organic Search,google / organic,1,
https://guildgolfcarts.com/how-much-does-it-cost-to-convert-an-electric-golf-cart-to-gas/,content_interaction,phone_click,3,"Mar 29, 2025",Direct,(direct) / (none),1,0
https://guildgolfcarts.com/how-much-does-it-cost-to-convert-an-electric-golf-cart-to-gas/,content_interaction,phone_click,5,"May 29, 2025",Organic Search,google / organic,1,
https://guildgolfcarts.com/how-much-does-it-cost-to-paint-a-golf-cart/,content_interaction,phone_click,3,"Mar 16, 2025",Organic Search,google / organic,1,0
https://guildgolfcarts.com/how-much-does-it-cost-to-rent-a-golf-cart/,content_interaction,phone_click,5,"May 27, 2025",Direct,(direct) / (none),3,
https://guildgolfcarts.com/how-much-does-it-cost-to-rent-a-golf-cart/,content_interaction,phone_click,8,"Aug 7, 2025",Organic Search,google / organic,1,
https://guildgolfcarts.com/how-much-does-it-cost-to-wrap-a-golf-cart/,content_interaction,phone_click,4,"Apr 14, 2025",Organic Search,google / organic,1,
https://guildgolfcarts.com/how-much-is-a-solenoid-for-a-golf-cart/,content_interaction,phone_click,7,"Jul 15, 2025",Organic Search,google / organic,1,
https://guildgolfcarts.com/how-much-is-an-old-golf-cart-worth/,content_interaction,phone_click,4,"Apr 11, 2025",Organic Search,google / organic,1,
https://guildgolfcarts.com/how-much-is-insurance-for-a-street-legal-golf-cart/,form_interaction,form_submission,2,"Feb 14, 2025",Organic Search,bing / organic,1,0
https://guildgolfcarts.com/how-much-is-it-to-finance-a-5000-golf-cart/,content_interaction,phone_click,7,"Jul 20, 2025",Organic Search,google / organic,1,
https://guildgolfcarts.com/how-much-is-it-to-finance-a-5000-golf-cart/?srsltid=ChEI8MGQxQYQh7OD6%2FiO9dLlARJRAAc2elbRA%2FOyozPULsQL5Fndph9vw4ijjRSiDuOxLwr025BT2uyKi%2FdLkwfnZV1AG6ObJ7%2FvzinRe55PMDXCVVMENUAd9tL%2By56bAJlRYdFjGgI%2Fcg%3D%3D,content_interaction,phone_click,8,"Aug 19, 2025",Unassigned,(not set),1,
https://guildgolfcarts.com/how-much-is-my-golf-cart-worth/?gad_source=1&gad_campaignid=22192342059&gbraid=0AAAAA-hiYqwgFnSkP0BuBScWxVZxTPEJZ&gclid=Cj0KCQiAhtvMBhDBARIsAL26pjHJGAjFZtgcuT5g8cHD2plGhe2Jw3NeI2oIPql5cls8BkCqyEnkhOcaAuAVEALw_wcB,form_interaction,form_submission,2,"Feb 19, 2026",Paid Search,google / cpc,1,
https://guildgolfcarts.com/how-much-to-rent-a-golf-cart-per-month/,content_interaction,phone_click,4,"Apr 4, 2025",Direct,(direct) / (none),1,0
https://guildgolfcarts.com/how-much-to-rent-a-golf-cart-per-month/?srsltid=ChEI8Mm9wwYQv8atpbKLwZa%2BARJRAEcHOcaRCsKsV9o3UqGiUKUwfj2Qs86SeJJCYwKrbyKpG%2Bv6nn3lkJRz4aX9E3kDsjHXehCo1C8ZPWFkQxqdT6cqQ5pHigPEyu2FsdsxFW%2FSGgJtiw%3D%3D,content_interaction,phone_click,7,"Jul 10, 2025",Unassigned,(not set),1,
https://guildgolfcarts.com/how-much-to-rent-a-golf-cart-per-month/,content_interaction,phone_click,10,"Oct 11, 2025",Organic Search,yahoo / organic,1,
https://guildgolfcarts.com/how-much-to-replace-lithium-golf-cart-batteries/,content_interaction,phone_click,2,"Feb 14, 2025",Direct,(direct) / (none),2,0
https://guildgolfcarts.com/how-much-to-replace-lithium-golf-cart-batteries/,content_interaction,phone_click,2,"Feb 20, 2025",Direct,(direct) / (none),1,0
https://guildgolfcarts.com/how-much-to-replace-lithium-golf-cart-batteries/,content_interaction,phone_click,3,"Mar 1, 2025",Direct,(direct) / (none),1,0
https://guildgolfcarts.com/how-much-to-replace-lithium-golf-cart-batteries/,content_interaction,phone_click,3,"Mar 7, 2025",Direct,(direct) / (none),1,0
https://guildgolfcarts.com/how-much-to-replace-lithium-golf-cart-batteries/,content_interaction,phone_click,3,"Mar 9, 2025",Organic Search,google / organic,1,0
https://guildgolfcarts.com/how-much-to-replace-lithium-golf-cart-batteries/,content_interaction,phone_click,3,"Mar 11, 2025",Direct,(direct) / (none),1,0
https://guildgolfcarts.com/how-much-to-replace-lithium-golf-cart-batteries/,content_interaction,phone_click,3,"Mar 13, 2025",Direct,(direct) / (none),1,0
https://guildgolfcarts.com/how-often-does-a-golf-cart-speed-controller-go-bad/,content_interaction,phone_click,4,"Apr 8, 2025",Organic Search,google / organic,1,0
https://guildgolfcarts.com/how-often-does-a-golf-cart-speed-controller-go-bad/,content_interaction,phone_click,8,"Aug 24, 2025",Organic Search,google / organic,1,
https://guildgolfcarts.com/how-often-should-you-charge-lithium-golf-cart-batteries/,content_interaction,phone_click,6,"Jun 9, 2025",Direct,(direct) / (none),1,
https://guildgolfcarts.com/how-to-bench-test-a-golf-cart-36-volt-solenoid/,content_interaction,phone_click,4,"Apr 22, 2025",Organic Search,google / organic,1,
https://guildgolfcarts.com/how-to-bench-test-a-golf-cart-36-volt-solenoid/,content_interaction,phone_click,5,"May 10, 2025",Organic Search,google / organic,1,
https://guildgolfcarts.com/how-to-bench-test-a-golf-cart-motor/,content_interaction,phone_click,3,"Mar 26, 2025",Direct,(direct) / (none),1,0
https://guildgolfcarts.com/how-to-bypass-speed-sensor-on-golf-cart/,content_interaction,phone_click,2,"Feb 18, 2025",Organic Search,google / organic,1,0
https://guildgolfcarts.com/how-to-charge-48-volt-golf-cart-batteries-with-12-volt-charger/,content_interaction,phone_click,2,"Feb 15, 2025",Organic Search,google / organic,1,0
https://guildgolfcarts.com/how-to-charge-48-volt-golf-cart-batteries-with-12-volt-charger/,content_interaction,phone_click,2,"Feb 26, 2025",Organic Search,google / organic,1,0
https://guildgolfcarts.com/how-to-charge-48-volt-golf-cart-batteries-with-12-volt-charger/,content_interaction,phone_click,3,"Mar 29, 2025",Organic Search,google / organic,1,0
https://guildgolfcarts.com/how-to-charge-a-gas-golf-cart-battery/?srsltid=ChEI8P6QwQYQ4cbz8rWZs%2BnxARJRAHxY2wLbCV7LdmMrSIgcPf%2BeH7jENrvSke0PWqJED6NjNifjWezsJvdiEPGo8Pzc4A9H5tVzWOvtpUQgeFjC4r5Vu3%2FhXNZQR8RxTjfws3KnGgJlFw%3D%3D,content_interaction,phone_click,5,"May 14, 2025",Organic Search,google / organic,1,
https://guildgolfcarts.com/how-to-convert-electric-golf-cart-to-gas/,content_interaction,phone_click,2,"Feb 26, 2025",Organic Search,google / organic,1,0
https://guildgolfcarts.com/how-to-fix-a-golf-cart-solenoid/?srsltid=ChAIgKzryAYQm8jbouCo7PZEElEADDpw89AX0It7dFJwktVeqQiRQkn1xwYUfssuI0W7rKuk8%2BVgrxIvfhmraG0Igx85fhJBid1bnv6tI%2FERRaObg0iV8Bc98TKP%2FLfTjKC8pNgaArXS,content_interaction,phone_click,11,"Nov 17, 2025",Unassigned,(not set),1,
https://guildgolfcarts.com/how-to-hook-up-a-solenoid-on-a-golf-cart/,content_interaction,phone_click,4,"Apr 16, 2025",Organic Search,google / organic,1,
https://guildgolfcarts.com/how-to-hook-up-a-solenoid-on-a-golf-cart/,content_interaction,phone_click,9,"Sep 19, 2025",Organic Search,google / organic,1,
https://guildgolfcarts.com/how-to-install-a-usb-port-in-a-electric-golf-cart/,content_interaction,phone_click,3,"Mar 24, 2025",Organic Search,google / organic,1,0
https://guildgolfcarts.com/how-to-install-a-usb-port-in-a-electric-golf-cart/,session_start,phone_click,3,"Mar 24, 2025",Organic Search,google / organic,1,0
https://guildgolfcarts.com/how-to-jump-a-golf-cart-solenoid/,content_interaction,phone_click,8,"Aug 11, 2025",Organic Search,google / organic,1,
https://guildgolfcarts.com/how-to-make-a-gas-golf-cart-quieter/,content_interaction,phone_click,6,"Jun 8, 2025",Direct,(direct) / (none),1,
https://guildgolfcarts.com/how-to-make-a-golf-cart-seat-cover-with-a-towel/,content_interaction,phone_click,4,"Apr 28, 2025",Organic Search,google / organic,1,
https://guildgolfcarts.com/how-to-put-a-golf-cart-in-reverse/,content_interaction,phone_click,3,"Mar 28, 2025",Organic Search,google / organic,1,0
https://guildgolfcarts.com/how-to-remove-governor-on-electric-golf-cart/,content_interaction,phone_click,3,"Mar 12, 2025",Organic Search,google / organic,1,0
https://guildgolfcarts.com/how-to-remove-governor-on-electric-golf-cart/,content_interaction,phone_click,5,"May 9, 2025",Organic Search,google / organic,1,
https://guildgolfcarts.com/how-to-remove-governor-on-electric-golf-cart/,content_interaction,phone_click,9,"Sep 16, 2025",Organic Search,google / organic,1,
https://guildgolfcarts.com/how-to-repair-a-cracked-golf-cart-body/?srsltid=ChAI8L%2BcxAYQ%2FbTr6uOgwtAZElEAMsOeHh6AgktNchyLxQq5aalOW0OCxU657I2sRv2v3e4lbF0MIKQwPJiFVsFCMF7QkspEp8HwOvkRZUw72YiNwmYK75LaSptqRGs%2FJ8AgmisaAuHf,content_interaction,phone_click,7,"Jul 28, 2025",Organic Search,google / organic,1,
https://guildgolfcarts.com/how-to-reverse-golf-cart/,content_interaction,phone_click,5,"May 30, 2025",Organic Search,google / organic,1,
https://guildgolfcarts.com/how-to-start-a-gas-golf-cart/,content_interaction,phone_click,3,"Mar 22, 2025",Organic Search,google / organic,1,0
https://guildgolfcarts.com/how-to-start-a-gas-golf-cart/,content_interaction,phone_click,8,"Aug 1, 2025",Direct,(direct) / (none),1,
https://guildgolfcarts.com/how-to-start-a-yamaha-golf-cart/?srsltid=ChAI8Ka4wwYQudn4%2FIDJx9giElEAuf8Zk7N22I6%2BTVfe2%2FMwV%2Fk%2FRpJftCl0ipmcOfOqpmypsgaIl1umQwXe1BMVchPV5ujok%2FTVPqLuy4FwX%2FTI%2BBtUCg3FxIg%2B6I38ZxEQadEaAu2l,content_interaction,phone_click,7,"Jul 9, 2025",Unassigned,(not set),1,
https://guildgolfcarts.com/how-to-start-an-electric-golf-cart-without-a-key/?srsltid=ChAI8N2ixwYQkIea0NnpvJN8ElEASxZvKRjlSaoHM5hzyGU9UjWVKJ%2FQu0Nxq9eBXHslkpLaBaozK4bEq9ybeq5wRSjpLdr9gHMAwDny1OJUxbvgJauxGKtRdMdbd9VzMvVaSP8aAhjo,content_interaction,phone_click,10,"Oct 10, 2025",Organic Search,google / organic,1,
https://guildgolfcarts.com/how-to-start-e-z-go-electric-golf-cart/,content_interaction,phone_click,5,"May 11, 2025",Organic Search,duckduckgo / organic,1,
https://guildgolfcarts.com/how-to-turn-on-golf-cart-lights/,content_interaction,phone_click,11,"Nov 13, 2025",Organic Search,google / organic,1,
https://guildgolfcarts.com/how-to-wire-a-36-volt-ez-go-golf-cart/?srsltid=ChAIgLiAyQYQucK9jNG03PQXElEA%2F5pk2yTFDjHRDShSoHmo8yN6XlfGKGMwQ8Y11JtkNofkz0k5UlUmCvxtnbaOgRaTvri582EYVzXLdGGY0AOF3JQfLKaHYx7fdA76jDzyUhYaAlOy,content_interaction,phone_click,11,"Nov 21, 2025",Organic Search,google / organic,1,
https://guildgolfcarts.com/how-to-wire-a-battery-sensor-on-a-golf-cart/,content_interaction,phone_click,5,"May 27, 2025",Direct,(direct) / (none),4,
https://guildgolfcarts.com/locations/,content_interaction,phone_click,4,"Apr 19, 2025",Organic Search,google / organic,5,
https://guildgolfcarts.com/locations/?gad_source=1&gad_campaignid=22192342059&gbraid=0AAAAA-hiYqyyeGBRLYIfYuxF0fehCCkyF&gclid=Cj0KCQjwsPzHBhDCARIsALlWNG2KifSyyASe2-bp6D1pDcaXPiNk0vRmka9osWmM4UruNnThNOeHOtgaAogeEALw_wcB,content_interaction,phone_click,10,"Oct 27, 2025",Paid Search,google / cpc,1,
https://guildgolfcarts.com/locations/?gad_source=1&gbraid=0AAAAA-hiYqxCduH24FReDtw_mOngU73gA&gclid=EAIaIQobChMIhMqj29qCjAMVSiitBh1oUBHIEAAYASADEgLPPvD_BwE,content_interaction,phone_click,3,"Mar 11, 2025",Paid Search,google / cpc,3,0
https://guildgolfcarts.com/locations/,content_interaction,phone_click,2,"Feb 27, 2025",Organic Search,google / organic,2,0
https://guildgolfcarts.com/locations/,content_interaction,phone_click,5,"May 2, 2025",Organic Search,google / organic,2,
https://guildgolfcarts.com/locations/,content_interaction,phone_click,6,"Jun 3, 2025",Organic Search,google / organic,2,
https://guildgolfcarts.com/locations/,content_interaction,phone_click,6,"Jun 8, 2025",Organic Shopping,google / organic,2,
https://guildgolfcarts.com/locations/,content_interaction,phone_click,10,"Oct 7, 2025",Organic Search,google / organic,2,
https://guildgolfcarts.com/locations/?gad_source=1&gad_campaignid=22132725529&gbraid=0AAAAA-hiYqwg9rCd1H-9yLitw9OCAXEUu&gclid=Cj0KCQiAosrJBhD0ARIsAHebCNpBhkBOg_BuOs3PC07O9eiEqVipB8H3QSEeHCMx7zoAmojc4quON8EaAj_lEALw_wcB,content_interaction,phone_click,12,"Dec 5, 2025",Paid Search,google / cpc,2,
https://guildgolfcarts.com/locations/?gad_source=1&gad_campaignid=22132725529&gbraid=0AAAAA-hiYqzvvM6-FeUxm5_8aMu3bqGdf&gclid=CjwKCAiAjc7KBhBvEiwAE2BDOac-ICEQzbD24XZ92qyfIsT8EpCi3TzB2S44YA4DWiGeb4KRVqUV_RoCJU0QAvD_BwE,content_interaction,phone_click,12,"Dec 30, 2025",Paid Search,google / cpc,2,
https://guildgolfcarts.com/locations/?gad_source=5&gad_campaignid=22132725529&gclid=EAIaIQobChMIm7Lfn4TBkgMVYCRECB35HR-jEAAYASABEgI90PD_BwE,content_interaction,phone_click,2,"Feb 4, 2026",Cross-network,(data not available),2,
https://guildgolfcarts.com/locations/,form_interaction,form_submission,4,"Apr 21, 2025",Organic Search,google / organic,1,
https://guildgolfcarts.com/locations/,form_interaction,form_submission,7,"Jul 9, 2025",Organic Search,google / organic,1,
https://guildgolfcarts.com/locations/,form_interaction,form_submission,11,"Nov 12, 2025",Direct,(direct) / (none),1,
https://guildgolfcarts.com/locations/,content_interaction,phone_click,2,"Feb 10, 2025",Paid Search,google / cpc,1,0
https://guildgolfcarts.com/locations/?gad_source=1&gbraid=0AAAAA-hiYqwjAS0GGNgp5oxbS9rwJPuoa&gclid=CjwKCAiAk8G9BhA0EiwAOQxmfjpF3k6IObMLJscrr6bIhUKErO5vXhaRYmdtBGKdqt0HRCVpTrs2HRoC8YAQAvD_BwE,content_interaction,phone_click,2,"Feb 15, 2025",Paid Search,google / cpc,1,0
https://guildgolfcarts.com/locations/?gad_source=1&gbraid=0AAAAA-hiYqy4Bf5Oj2TOg1c-hHco9SHsT&gclid=EAIaIQobChMInOymu6rGiwMVqzWtBh0xwQS6EAAYASABEgJNY_D_BwE,content_interaction,phone_click,2,"Feb 15, 2025",Paid Search,google / cpc,1,0
https://guildgolfcarts.com/locations/,content_interaction,phone_click,2,"Feb 17, 2025",Paid Search,google / cpc,1,0
https://guildgolfcarts.com/locations/?gad_source=8&gclid=CjwKCAiAn9a9BhBtEiwAbKg6fvQiufWZm7DMh9fDW7cMeRUY_agTzgzy5Rs4OPTxlGiKCFrkKri3bRoC5fwQAvD_BwE,content_interaction,phone_click,2,"Feb 19, 2025",Paid Search,google / cpc,1,0
https://guildgolfcarts.com/locations/?gad_source=1&gbraid=0AAAAA-hiYqzO8HJJISNYOjV1J3UHyMn8l&gclid=CjwKCAiAiOa9BhBqEiwABCdG853SbwVpy5J-bwhaaOikYz-JAX5qpYdSiaMeeEfZylR3D7olS3u9jBoC_eUQAvD_BwE,content_interaction,phone_click,2,"Feb 22, 2025",Paid Search,google / cpc,1,0
https://guildgolfcarts.com/locations/,content_interaction,phone_click,2,"Feb 28, 2025",Organic Search,google / organic,1,0
https://guildgolfcarts.com/locations/,content_interaction,phone_click,3,"Mar 5, 2025",Direct,(direct) / (none),1,0
https://guildgolfcarts.com/locations/?gad_source=1&gbraid=0AAAAA-hiYqxoVcNlzGV6GBRro2QRCy7wN&gclid=Cj0KCQjwytS-BhCKARIsAMGJyzpxrPQK4gEr4GU0TXJxN6Rxefe521_wLx2hIk4QBrMmByAfk9EAaJcaAjd3EALw_wcB,content_interaction,phone_click,3,"Mar 15, 2025",Paid Search,google / cpc,1,0
https://guildgolfcarts.com/locations/?gad_source=1&gclid=Cj0KCQjwytS-BhCKARIsAMGJyzqm2-fDFaPJ3fNWf6fgRU6BRnIaY4jaVqIOsmJ4K3FlI7drQLOBa0MaAvXCEALw_wcB,content_interaction,phone_click,3,"Mar 15, 2025",Paid Search,google / cpc,1,0
https://guildgolfcarts.com/locations/?gad_source=1&gclid=Cj0KCQjw1um-BhDtARIsABjU5x6x0YPPZKIvLXOoG1_v6Ac4P9gwjuuxo4l3-BX8DIZvasE391l57uMaAtBrEALw_wcB,content_interaction,phone_click,3,"Mar 19, 2025",Paid Search,google / cpc,1,0
https://guildgolfcarts.com/locations/,content_interaction,phone_click,3,"Mar 20, 2025",Direct,(direct) / (none),1,0
https://guildgolfcarts.com/locations/?gad_source=1&gbraid=0AAAAA-hiYqxU0nvXTv1QqnWf4wNOtglMq&gclid=EAIaIQobChMI1o-E4cajjAMV6x6tBh0K1hoxEAAYASABEgIfBvD_BwE,content_interaction,phone_click,3,"Mar 24, 2025",Paid Search,google / cpc,1,0
https://guildgolfcarts.com/locations/,content_interaction,phone_click,3,"Mar 25, 2025",Organic Search,google / organic,1,0
https://guildgolfcarts.com/locations/?gad_source=1&gbraid=0AAAAA-hiYqz2deHDzWU8nlMlBFMfJDbgW&gclid=EAIaIQobChMIuPzQ0Pa0jAMVlA-tBh2UPRaYEAAYASACEgJkD_D_BwE,content_interaction,phone_click,3,"Mar 31, 2025",Paid Search,google / cpc,1,0
https://guildgolfcarts.com/locations/,content_interaction,phone_click,4,"Apr 4, 2025",Direct,(direct) / (none),1,0
https://guildgolfcarts.com/locations/,content_interaction,phone_click,4,"Apr 9, 2025",Organic Search,duckduckgo / organic,1,0
https://guildgolfcarts.com/locations/,content_interaction,phone_click,4,"Apr 14, 2025",Paid Search,google / cpc,1,
https://guildgolfcarts.com/locations/,session_start,phone_click,4,"Apr 14, 2025",Paid Search,google / cpc,1,
https://guildgolfcarts.com/locations/,content_interaction,phone_click,4,"Apr 15, 2025",Organic Search,google / organic,1,
https://guildgolfcarts.com/locations/,content_interaction,phone_click,4,"Apr 16, 2025",Organic Search,google / organic,1,
https://guildgolfcarts.com/locations/,content_interaction,phone_click,4,"Apr 23, 2025",Organic Search,google / organic,1,
https://guildgolfcarts.com/locations/,content_interaction,phone_click,4,"Apr 27, 2025",Organic Search,google / organic,1,
https://guildgolfcarts.com/locations/,content_interaction,phone_click,4,"Apr 29, 2025",Organic Search,google / organic,1,
https://guildgolfcarts.com/locations/?gad_source=1&gbraid=0AAAAA-hiYqy2lTj-Ccgnjm-u1LCFFjBK6&gclid=EAIaIQobChMInY_cs-qMjQMVGAytBh0sKCfeEAAYASACEgI8fvD_BwE,content_interaction,phone_click,5,"May 5, 2025",Paid Search,google / cpc,1,
https://guildgolfcarts.com/locations/?srsltid=ChEI8NuLwQYQsOTktLyt3ZjgARJRAJ%2FZ7LiIcT4F4XF2tm4Cy8kBQ1P%2Bl45n2g4MjrakLh6qPhWy5svJODEZWIhDqqIEzJ12xhX3qPBqXCJwNUnKbdaXnnSvJ%2F7Z2ydiRrW%2BYn5qGgL3%2Fw%3D%3D,content_interaction,phone_click,5,"May 13, 2025",Organic Search,google / organic,1,
https://guildgolfcarts.com/locations/?srsltid=ChEI8NuLwQYQsOTktLyt3ZjgARJRAJ%2FZ7Lilub7KO5BPjDS%2Bq%2F3M0660iQTUvhkO7kpOIcVirzmK9MBlAM6A7xFrEx%2BTyahhKSl9HYiPx1Nu126MarjWkOUVqqMSpPVFhLpB6UY%2FGgKcUw%3D%3D,content_interaction,phone_click,5,"May 13, 2025",Paid Search,google / cpc,1,
https://guildgolfcarts.com/locations/,content_interaction,phone_click,5,"May 16, 2025",Organic Shopping,google / organic,1,
https://guildgolfcarts.com/locations/,content_interaction,phone_click,5,"May 17, 2025",Paid Search,google / cpc,1,
https://guildgolfcarts.com/locations/,content_interaction,phone_click,5,"May 21, 2025",Organic Search,google / organic,1,
https://guildgolfcarts.com/locations/?srsltid=ChAI8N3%2FwQYQ98PIs%2FjFoMQKElEA8iLs23dOR1RQ2jk9j%2FuiUvyY3rwBvRjL8EEVrbwv7%2Fk%2FgKSPRknSLn7AWSUawz7i%2FJGstFBnWHvKzwcJqFL8tDeB8EFR4GpXwsj%2F6VpjF94aApU9,content_interaction,phone_click,6,"Jun 4, 2025",Organic Search,google / organic,1,
https://guildgolfcarts.com/locations/?srsltid=ChAI8N3%2FwQYQ98PIs%2FjFoMQKElEA8iLs26o6dk91w9ycfyCaQjMLHhfB9IZPzPwv8XavJ7AxapCwvuQ3KaNcyn4Q0Lgo%2Bnnk7M5J5EXsHevl29%2FXu1IY6ZiboBGxcW0jFJPZkZYaAvkM,content_interaction,phone_click,6,"Jun 4, 2025",Organic Search,google / organic,1,
https://guildgolfcarts.com/locations/,content_interaction,phone_click,6,"Jun 11, 2025",Organic Search,google / organic,1,
https://guildgolfcarts.com/locations/,content_interaction,phone_click,6,"Jun 13, 2025",Organic Search,google / organic,1,
https://guildgolfcarts.com/locations/?srsltid=ChAI8OuIwwYQ0%2FaTi6PLsYghElEAZOYGQdVxsT%2B7e6D0e8puplAysA2bHMpSwqaJh3thOBVYCG972ePn%2BC6dSIVlnklWvlbTieWJ9xtBnqCTma7fNKu0iAwSDqXnA06SL5aG9XwaAqE7,content_interaction,phone_click,6,"Jun 30, 2025",Organic Search,google / organic,1,
https://guildgolfcarts.com/locations/,content_interaction,phone_click,7,"Jul 5, 2025",Organic Search,yahoo / organic,1,
https://guildgolfcarts.com/locations/,content_interaction,phone_click,7,"Jul 8, 2025",Organic Search,google / organic,1,
https://guildgolfcarts.com/locations/,content_interaction,phone_click,7,"Jul 11, 2025",Organic Search,bing / organic,1,
https://guildgolfcarts.com/locations/,content_interaction,phone_click,7,"Jul 25, 2025",Organic Search,bing / organic,1,
https://guildgolfcarts.com/locations/?srsltid=ChAI8L%2BcxAYQ%2FbTr6uOgwtAZElEAMsOeHsDUPt5SDeXMGz548%2FmpfDjPWh%2FJM%2FiZMHctXQYDoAzZS5ihvcvmzEtE4c7dJviBy3PNg126hvDErqU1EBJJdV0oMFpl66FYeSx9oJUaAuOe,content_interaction,phone_click,7,"Jul 28, 2025",Organic Search,google / organic,1,
https://guildgolfcarts.com/locations/?srsltid=ChEI8NfGxAYQ0MLboqPZrsXnARJRAL3rGosFnpSSIM5N77jR8AzBCjKHckFac0OivM7G2FnRglU4upLaZrnitPE5qEQTazShHfdDJYoTc0rU9Nuf2lZ46jUsRXEZb96IBP2fPeoHGgIlQg%3D%3D,content_interaction,phone_click,8,"Aug 5, 2025",Organic Search,google / organic,1,
https://guildgolfcarts.com/locations/?gad_source=1&gad_campaignid=22132725529&gbraid=0AAAAA-hiYqwEMc1hNjvAW83TLq8fwX8f8&gclid=Cj0KCQjwzOvEBhDVARIsADHfJJSjVPPt8FELjiMnVCLfgYUK4CDlhWvLGkiA0iZPIVKngXipoM4tJSsaAtoZEALw_wcB,content_interaction,phone_click,8,"Aug 12, 2025",Paid Search,google / cpc,1,
https://guildgolfcarts.com/locations/,content_interaction,phone_click,8,"Aug 16, 2025",Direct,(direct) / (none),1,
https://guildgolfcarts.com/locations/?srsltid=ChEI8MGQxQYQh7OD6%2FiO9dLlARJRAAc2elbOHhbqiYnxpK%2BSgQxxJLkT7tN758wv68r9kaKlaCaTvqCsHeq9Oys%2BXdtV1GcAYoJSM6aN9z5Z%2BXEYT0w5qD2d7itlXjClF0qCJ7rHGgK%2FDA%3D%3D,content_interaction,phone_click,8,"Aug 19, 2025",Organic Search,google / organic,1,
https://guildgolfcarts.com/locations/,content_interaction,phone_click,8,"Aug 21, 2025",Direct,(direct) / (none),1,
https://guildgolfcarts.com/locations/?gad_source=1&gad_campaignid=22192342059&gbraid=0AAAAA-hiYqzDddyTo1FyW7oWMI503T6Xz&gclid=Cj0KCQjwh5vFBhCyARIsAHBx2wykrXV8xUA7SofqxgusNFFKguJFRdZQgxAcWB6UQLtN74DCm_fFmAQaAqz9EALw_wcB,content_interaction,phone_click,8,"Aug 21, 2025",Paid Search,google / cpc,1,
https://guildgolfcarts.com/locations/?gad_source=1&gad_campaignid=22132725529&gclid=Cj0KCQjwqqDFBhDhARIsAIHTlkuwgGUhqYSpfaMez83BHS5WhbPA0hlyt_ZoCZth2s11FvV4EbVBIsUaAkxYEALw_wcB,content_interaction,phone_click,8,"Aug 22, 2025",Paid Search,google / cpc,1,
https://guildgolfcarts.com/locations/?gad_source=1&gad_campaignid=22192342059&gbraid=0AAAAA-hiYqyBlOwnPafPw_qwnDeOvSoIP&gclid=Cj0KCQjwzaXFBhDlARIsAFPv-u_TD5L614tvM9vLX0LK5JbQr9I2Nxnr5pyoFDjCJNN1mF7S-3GzIc0aAn6cEALw_wcB,content_interaction,phone_click,8,"Aug 23, 2025",Paid Search,google / cpc,1,
https://guildgolfcarts.com/locations/?srsltid=ChAI8JOwxQYQ2cH38pH44%2BYiElEAyskfiR42x7x%2BQET4VMsfRi%2BoMVfCNqMWvLfUMd8rCB5FXBYNVNnvLinHQqERIB2Rlie%2Bru1tavvoa4JclQ%2Beg%2F9EHTpCjrUfZknpfxhHrbIaAqgc,content_interaction,phone_click,8,"Aug 25, 2025",Organic Search,google / organic,1,
https://guildgolfcarts.com/locations/?srsltid=ChAI8JOwxQYQ2cH38pH44%2BYiElEAyskfiWOyTOtkWuWPcULUesRr4b4ybK0AwHuda2IcfV49fOoZMo9eRWuj9WCbWEOLW0kDgkDwnK08K2Q1%2Bp1gFOFWDJ7632XGGMpC7wQZap8aAjpr,content_interaction,phone_click,8,"Aug 25, 2025",Organic Search,google / organic,1,
https://guildgolfcarts.com/locations/?srsltid=ChAI8JOwxQYQ2cH38pH44%2BYiElEAyskfibQQEBo3OzVY2lHodqZYeoHOZP2yxtS%2F63mbpSGXECuo5%2FS55Ni6JkIIEMTa20HjAujYtmCD78Im40vNJ2v0K%2FxazCVWVCr77vPSzjAaAiDz,content_interaction,phone_click,8,"Aug 25, 2025",Organic Search,google / organic,1,
https://guildgolfcarts.com/locations/?srsltid=ChAI8JOwxQYQ2cH38pH44%2BYiElEAyskfifovOuFb%2FSrt3mymDIxALcy1mF%2BjtpnEWFt4hBWkwGYpSMKlhgJFY4z2BicFn7WqZ3qpyOYofCuyEuWZMeJ4aHZHi1x0o9awOhYCTE0aAkrn,content_interaction,phone_click,8,"Aug 25, 2025",Organic Search,google / organic,1,
https://guildgolfcarts.com/locations/,content_interaction,phone_click,8,"Aug 28, 2025",Organic Search,bing / organic,1,
https://guildgolfcarts.com/locations/,content_interaction,phone_click,9,"Sep 3, 2025",Direct,(direct) / (none),1,
https://guildgolfcarts.com/locations/?gad_source=1&gad_campaignid=22202718124&gbraid=0AAAAA-hiYqwUPeVQVq5RLREayw7ZEAul4&gclid=Cj0KCQjwzt_FBhCEARIsAJGFWVnswc4Pt865y-AowghIpwlvfFwm0-1ZqrdmT_gcDNuwuhcnS8c0PSkaAtj7EALw_wcB,content_interaction,phone_click,9,"Sep 3, 2025",Paid Search,google / cpc,1,
https://guildgolfcarts.com/locations/?gad_source=1&gad_campaignid=22132725529&gbraid=0AAAAA-hiYqxfSCWvkeikeCD3yJkUyNOSa&gclid=CjwKCAjwlOrFBhBaEiwAw4bYDXdS6cHHerpid4Cftd97KZ3HHMUeDXdA6-3CphcOjdYjdXCBOw1EmhoCL7MQAvD_BwE,content_interaction,phone_click,9,"Sep 5, 2025",Paid Search,google / cpc,1,
https://guildgolfcarts.com/locations/?gad_source=1&gad_campaignid=22192342059&gbraid=0AAAAA-hiYqy92cTPTZco1rNDnAOxUebSN&gclid=CjwKCAjw_fnFBhB0EiwAH_MfZgdlSwtV23s5JxA0sTA4qNhz0XmJ5NwGjcwqPEQzNJGlaZ7ZpDq9SxoCS94QAvD_BwE,content_interaction,phone_click,9,"Sep 8, 2025",Paid Search,google / cpc,1,
https://guildgolfcarts.com/locations/,content_interaction,phone_click,9,"Sep 10, 2025",Organic Search,google / organic,1,
https://guildgolfcarts.com/locations/?gad_source=1&gad_campaignid=22198791563&gbraid=0AAAAA-hiYqyaNuOeK2ECtT2lqKZGpgo_s&gclid=CjwKCAjwiY_GBhBEEiwAFaghvvIgZRBsUZgFCsP-IxJDCec1XvXvW1wLCZ0DuBTwnyerO89qsVjcPxoCw48QAvD_BwE,content_interaction,phone_click,9,"Sep 12, 2025",Organic Search,google / organic,1,
https://guildgolfcarts.com/locations/?gad_source=1&gad_campaignid=22132725529&gbraid=0AAAAA-hiYqxqv3YQBYLNZymwNu91jQhJq&gclid=Cj0KCQjw0NPGBhCDARIsAGAzpp080Cl_Z0hP8BwfzoSNJw-66iJauR_axnY0CzxOerqVv-Eq7tXSSW4aAgrWEALw_wcB,content_interaction,phone_click,9,"Sep 25, 2025",Paid Search,google / cpc,1,
https://guildgolfcarts.com/locations/?gad_source=1&gad_campaignid=22198791563&gbraid=0AAAAA-hiYqwW7GfHUYqfnqkyWtKJVqBS9&gclid=CjwKCAjwxfjGBhAUEiwAKWPwDoZ2aYrJy2VSrUGXTCvSfQ3h7fwxJEvXTVBVgxIf5vYFyAJdQzgUyhoCZNgQAvD_BwE,content_interaction,phone_click,10,"Oct 2, 2025",Paid Search,google / cpc,1,
https://guildgolfcarts.com/locations/?srsltid=ChEI8MX4xgYQ1q%2FDmdi7rITbARJRAFh2aq0Ql3HLS1%2F7%2FCHvjQ3QEgls2XeaEyIa0%2FD1BmYD5hYzdC8Ry53FmZzU1GKXyKmqGCF5O%2FhvdLG7Klra5MNHDpKsExrtuyfenHy6%2BFzEGgLzAg%3D%3D,content_interaction,phone_click,10,"Oct 2, 2025",Organic Search,google / organic,1,
https://guildgolfcarts.com/locations/,content_interaction,phone_click,10,"Oct 6, 2025",Direct,(direct) / (none),1,
https://guildgolfcarts.com/locations/?gad_source=1&gad_campaignid=22132725529&gbraid=0AAAAA-hiYqyq_5Krn5SzXExeLBNqKU7_v&gclid=Cj0KCQjwl5jHBhDHARIsAB0YqjzHBjV0JDBFmLO446hxKZEi-VGFlHwQb8HFKuzTsuvvP1MMseC4ktIaAg1lEALw_wcB,content_interaction,phone_click,10,"Oct 8, 2025",Paid Search,google / cpc,1,
https://guildgolfcarts.com/locations/?srsltid=ChAI8LqdxwYQnrSNs638l9FRElEAJMiURRox7ffcZn7Uf7KJHZGYGpWy3G3wTi3IXWmK3xN9p%2B78x4I9RvGsivPhPJZnBdX8%2BvQEkrJ3UaUj9UOegK3CMZKUYGMjtI40wAOjSQ8aAlq6,content_interaction,phone_click,10,"Oct 9, 2025",Organic Search,google / organic,1,
https://guildgolfcarts.com/locations/?gad_source=1&gad_campaignid=22198791563&gbraid=0AAAAA-hiYqybDx1YmfV4xZaMM1zFCKNhB&gclid=Cj0KCQjw6bfHBhDNARIsAIGsqLi9mmwGCW5ybBlLoLvC8Lp2fAZ6kaDTDckVxle0lF0cy9XGJd-QA_kaAnMSEALw_wcB,content_interaction,phone_click,10,"Oct 14, 2025",Cross-network,(data not available),1,
https://guildgolfcarts.com/locations/?gad_source=1&gad_campaignid=22198791563&gclid=CjwKCAjwr8LHBhBKEiwAy47uUgWk8rFkDeB8ZaW1CIIcWJLcfuVw0ycRO0BJPjSd9t243_BznjLb9xoCGNgQAvD_BwE,content_interaction,phone_click,10,"Oct 16, 2025",Paid Search,google / cpc,1,
https://guildgolfcarts.com/locations/?gad_source=1&gad_campaignid=22192342059&gbraid=0AAAAA-hiYqyZyuhsQycwIkml87od4sUKo&gclid=CjwKCAjwx-zHBhBhEiwA7Kjq6_7oWEbMDj70L0sZXi_zTBvIPMamDEidJ9bNuFe1cQFea-EyLTM50BoCx4YQAvD_BwE,content_interaction,phone_click,10,"Oct 24, 2025",Paid Search,google / cpc,1,
https://guildgolfcarts.com/locations/?gad_source=1&gad_campaignid=22202746687&gclid=CjwKCAjwx-zHBhBhEiwA7Kjq623c6KBp8yOAeZnrbq-B5yKED09wnKtOXhIxb5mmEATm-g0y1Vf4gxoCcaoQAvD_BwE,content_interaction,phone_click,10,"Oct 24, 2025",Paid Search,google / cpc,1,
https://guildgolfcarts.com/locations/?gad_source=1&gad_campaignid=22202746687&gbraid=0AAAAA-hiYqytd6TT-ItGHvu0-yTKbLOuU&gclid=CjwKCAjw6vHHBhBwEiwAq4zvA2OIoFk3oJltGJU_Xkn0tsKE2oCeFaFA83mBqp_nMqLdVLl55aLPDRoCQd4QAvD_BwE,content_interaction,phone_click,10,"Oct 25, 2025",Paid Search,google / cpc,1,
https://guildgolfcarts.com/locations/?gad_source=1&gad_campaignid=22192342059&gbraid=0AAAAA-hiYqwGgWl0BgjbZswvzHN36pLe-&gclid=CjwKCAjwjffHBhBuEiwAKMb8pG1vw27IZTLNFf23kq1b5iZothpGU60kxmOH3vns1aXd41alSG3TqBoCtG8QAvD_BwE,content_interaction,phone_click,10,"Oct 26, 2025",Paid Search,google / cpc,1,
https://guildgolfcarts.com/locations/?gad_source=1&gad_campaignid=22132725529&gbraid=0AAAAA-hiYqzmqMRPNlPk8V76wEFGldiEZ&gclid=Cj0KCQjwsPzHBhDCARIsALlWNG2t2iNqG9jiqrUzbASyyYKkEBonvzT5UlBiVZLdqOGDNOb9_nSEH9kaAkPZEALw_wcB,content_interaction,phone_click,10,"Oct 27, 2025",Paid Search,google / cpc,1,
https://guildgolfcarts.com/locations/,content_interaction,phone_click,4,"Apr 4, 2026",Organic Search,google / organic,1,
https://guildgolfcarts.com/locations/,content_interaction,phone_click,10,"Oct 28, 2025",Organic Search,google / organic,1,
https://guildgolfcarts.com/locations/,content_interaction,phone_click,10,"Oct 29, 2025",Organic Search,google / organic,1,
https://guildgolfcarts.com/locations/?srsltid=ChEIgMKhyAYQ5KyZt%2FbWv92EARJRACWP1POVIhGfNxDXAEsoFO8ghmSHnEI43QNjBahkr%2FlavHMC%2BtUi2eR1hG5AKEhkO2GCELmLj%2BK1LqCaC1D9GNoJ58Nd8brhXlwu3unL4oTDGgIHXA%3D%3D,content_interaction,phone_click,11,"Nov 3, 2025",Organic Search,google / organic,1,
https://guildgolfcarts.com/locations/?srsltid=ChEIgMKhyAYQ5KyZt%2FbWv92EARJRACWP1POY7TbBP%2BfWwMg2PXuXnR0amjkYydZI2YuahGteAcYIrfy3bSWqjjL1Sx0wiUqxPRq08x31IdScv7MBgq3VEC3k9Lb%2FUg%2FNwNP5mXXUGgJrTQ%3D%3D,content_interaction,phone_click,11,"Nov 3, 2025",Organic Search,google / organic,1,
https://guildgolfcarts.com/locations/?gad_source=1&gad_campaignid=22202746687&gbraid=0AAAAA-hiYqwstEfZKm4xAEWO0vu873Yaw&gclid=CjwKCAiAzrbIBhA3EiwAUBaUdQYtELD6FblrOGb4f0hNLF-jpgkhBXBcizdmYWnezwmSOrkXCLG1JRoCM-YQAvD_BwE,content_interaction,phone_click,11,"Nov 7, 2025",Paid Search,google / cpc,1,
https://guildgolfcarts.com/locations/,content_interaction,phone_click,11,"Nov 8, 2025",Organic Search,aol / organic,1,
https://guildgolfcarts.com/locations/?gad_source=1&gad_campaignid=22198791563&gbraid=0AAAAA-hiYqy8VS1QwG4-P3okwVSOrnQFY&gclid=CjwKCAiA8bvIBhBJEiwAu5ayrN7A8xP-aAbuzuQeb9MrEm3Bs_B9LxWjbpCm8rGvG5QoBw31xcz0YxoCuNgQAvD_BwE,content_interaction,phone_click,11,"Nov 8, 2025",Paid Search,google / cpc,1,
https://guildgolfcarts.com/locations/?gad_source=1&gad_campaignid=22192342059&gbraid=0AAAAA-hiYqxhYUhCHIdrrJZqQudxKQ_Tp&gclid=EAIaIQobChMIqtW6vaPrkAMVYx9ECB1t-hq9EAAYAiADEgLIevD_BwE,content_interaction,phone_click,11,"Nov 11, 2025",Paid Search,google / cpc,1,
https://guildgolfcarts.com/locations/?gad_source=1&gad_campaignid=22192342059&gclid=Cj0KCQiA5uDIBhDAARIsAOxj0CEuAz25EHiVgmekpDoabuDkSqSfgh4lTsPRE3ec4ifLROlXX3VsDkAaAkhWEALw_wcB,content_interaction,phone_click,11,"Nov 15, 2025",Paid Search,google / cpc,1,
https://guildgolfcarts.com/locations/?srsltid=ChAIgKzryAYQm8jbouCo7PZEElEADDpw80HFMJ96OtS3%2BFirQy0LeeZvxfK0lcHNQHHYkvyaIGx5CPmktbqVlBYwaVpT4h0bH7zlvlBwpgSyc41eTP2uWyYTpFSrIfnap9RXC6EaAlZP,content_interaction,phone_click,11,"Nov 17, 2025",Organic Search,google / organic,1,
https://guildgolfcarts.com/locations/?srsltid=ChAIgKzryAYQm8jbouCo7PZEElEADDpw88vvbh7HjUQsjg4DowyWwXOl9CoY5KUkpu%2Fl%2FhhJ76MpI%2FN%2FJPJfEgMqbliE%2FrPSRv6AIK6cQv2317GltlDLwnRX7gw9GixMvzlKLiUaAhWu,content_interaction,phone_click,11,"Nov 17, 2025",Organic Search,google / organic,1,
https://guildgolfcarts.com/locations/?srsltid=ChAIgKzryAYQm8jbouCo7PZEElEADDpw80HFMJ96OtS3%2BFirQy0LeeZvxfK0lcHNQHHYkvyaIGx5CPmktbqVlBYwaVpT4h0bH7zlvlBwpgSyc41eTP2uWyYTpFSrIfnap9RXC6EaAlZP,session_start,phone_click,11,"Nov 17, 2025",Organic Search,google / organic,1,
https://guildgolfcarts.com/locations/?gad_source=1&gad_campaignid=22192342059&gbraid=0AAAAA-hiYqxnRn6DC7cYk0yBzmLyD-p1S&gclid=CjwKCAiAlfvIBhA6EiwAcErpyfHp6nfOqo0VaZXyKd-Ao6m1-leRMw9vzbHKSYxEUwAyDsBWCLpgSRoCDVYQAvD_BwE,content_interaction,phone_click,11,"Nov 20, 2025",Paid Search,google / cpc,1,
https://guildgolfcarts.com/locations/?gad_source=1&gad_campaignid=22192342059&gbraid=0AAAAA-hiYqwTjLG2srBoKG40qTnUMEtCZ&gclid=CjwKCAiAuIDJBhBoEiwAxhgyFqReyKZb7X9YhNwKrr8jClzyMVLmuaSxUSGsf2YHPMn7IO2IMDpFcBoCHagQAvD_BwE,content_interaction,phone_click,11,"Nov 21, 2025",Paid Search,google / cpc,1,
https://guildgolfcarts.com/locations/?gad_source=1&gad_campaignid=22198791563&gbraid=0AAAAA-hiYqxIJl83ScbqsEsnMvXIOuJ-C&gclid=CjwKCAiA24XJBhBXEiwAXElO34sqspuVsntQqZkktNCL5xLcnCizHI7xIarUPPRQDseRCgKTqQvc-RoCbpsQAvD_BwE,content_interaction,phone_click,11,"Nov 22, 2025",Paid Search,google / cpc,1,
https://guildgolfcarts.com/locations/?gad_source=1&gad_campaignid=22192342059&gbraid=0AAAAA-hiYqxSvGMOnzvlSUlXc46YzwA7d&gclid=CjwKCAiA_orJBhBNEiwABkdmjE-5rNh_Zzd6BZhNnLcrpnCp1g2IKwomB5VgpeKcCgOz4-VfSVczWRoCsG8QAvD_BwE,content_interaction,phone_click,11,"Nov 23, 2025",Paid Search,google / cpc,1,
https://guildgolfcarts.com/locations/?gad_source=1&gad_campaignid=22192342059&gclid=Cj0KCQiAxJXJBhD_ARIsAH_JGjgnKniq7-BV93SmBQdQl7wd-qtzwCLeHsvQsDDgKrJv837DdAXDLBoaAiZEEALw_wcB,content_interaction,phone_click,11,"Nov 25, 2025",Paid Search,google / cpc,1,
https://guildgolfcarts.com/locations/,content_interaction,phone_click,11,"Nov 26, 2025",Organic Search,google / organic,1,
https://guildgolfcarts.com/locations/?gad_source=1&gad_campaignid=22192342059&gclid=CjwKCAiAraXJBhBJEiwAjz7MZRd_iU1j2KNqeVtMYGrnpgwDL4UNDJKCFqEKSB0AeKrS_a_9BsrX-RoCsoYQAvD_BwE,content_interaction,phone_click,11,"Nov 28, 2025",Paid Search,google / cpc,1,
https://guildgolfcarts.com/locations/?srsltid=ChEIgNy%2FyQYQ49OP0oz9hemUARJRAPvm9E55N2prykTeG2isI%2BNTzo2I5%2FcasTHik9yswI7B4adBASdSSnUdE8MFrq8%2Fmf8AlxV9dsfEBB3bOZoePSsdH%2FysbxixQhV4nwakbT7jGgISrg%3D%3D,content_interaction,phone_click,12,"Dec 3, 2025",Organic Search,google / organic,1,
https://guildgolfcarts.com/locations/?srsltid=ChAIgKLKyQYQuuHPsNr0ycAmElEAsy6iuwKCnBRM5sGDATCiBB0hfDiVpN29JCpz5nR3IfONb9evZOevs8N9R4gGkQQeOhCk3t62O0n5cCh%2BZfYBVgnWbZ3EXK22E7Ob5Tw%2FvjoaAkGO,content_interaction,phone_click,12,"Dec 5, 2025",Unassigned,(not set),1,
https://guildgolfcarts.com/locations/?srsltid=ChEIgKOEygYQib%2BG2%2BncyJ7AARJRAHEIpgxl40hivo3QMIheAUcoo5sIa5MZtSsZeiylXTwbQ4AIVS5VwCyPXSgX4SUxhFdtEHSqGFCw5%2BBF20wo5StAa%2B6dXGwySNHMDl6s%2B5sgGgLLmg%3D%3D,content_interaction,phone_click,12,"Dec 16, 2025",Organic Search,google / organic,1,
https://guildgolfcarts.com/locations/?srsltid=ChAIgOrIygYQ7ueStJy5%2FOEEElEA6Fjqfl708W56iBsGRlMJne8XzlcAUsVRZ2kjw1bXTLRz5XjRdItIMGh2900HusL5PBP3dwc38a9IWnPSBZFZ0nry1EQYUIVBR6ygjrj7rnkaAlt4,content_interaction,phone_click,12,"Dec 29, 2025",Organic Search,google / organic,1,
https://guildgolfcarts.com/locations/?gad_source=1&gad_campaignid=22198791563&gbraid=0AAAAA-hiYqzhg0Y0PaTQvwkKjaSBTOqzb&gclid=Cj0KCQiAvOjKBhC9ARIsAFvz5libr72g3JIuJY5j5JTAzI6qO9nxcfa88m4_s4YGwgZ5N3044Ajxo7UaAl2mEALw_wcB,content_interaction,phone_click,1,"Jan 4, 2026",Paid Search,google / cpc,1,
https://guildgolfcarts.com/locations/?gad_source=1&gad_campaignid=22132725529&gclid=Cj0KCQiAgvPKBhCxARIsAOlK_EolLwujorNkWmtMM08u4kCmAy_8dF4-2qulKNgyYp0TxG3DYfHvF2saAmGtEALw_wcB,content_interaction,phone_click,1,"Jan 6, 2026",Paid Search,google / cpc,1,
https://guildgolfcarts.com/locations/,content_interaction,phone_click,1,"Jan 10, 2026",Paid Search,google / cpc,1,
https://guildgolfcarts.com/locations/?gad_source=1&gad_campaignid=22192342059&gbraid=0AAAAA-hiYqxl4sc2u4xdu9pjlSV0y_PqZ&gclid=Cj0KCQiA1JLLBhCDARIsAAVfy7iYosGHvsnh8EqqP98QqHk2N_ZA4fYKimxhFIu-m7RxqM9Y3H7o9vQaAltfEALw_wcB,content_interaction,phone_click,1,"Jan 12, 2026",Paid Search,google / cpc,1,
https://guildgolfcarts.com/locations/?gad_source=1&gad_campaignid=22132725529&gbraid=0AAAAA-hiYqzORUdJFnFPcH2YbhQWy5W3C&gclid=CjwKCAiA95fLBhBPEiwATXUsxLBHwkqpN6Egtlt1GqDIssMFRfFjV6YcUtblu_wcNSd85FrUpXgXehoCuoAQAvD_BwE,content_interaction,phone_click,1,"Jan 13, 2026",Paid Search,google / cpc,1,
https://guildgolfcarts.com/locations/?gad_source=1&gad_campaignid=22198791563&gclid=CjwKCAiAmp3LBhAkEiwAJM2JUFjyfRUo6gxFDoph88ta6_CRT5J6wihE0lQb1heTGlAAlbxiwfAvEBoC3q4QAvD_BwE,content_interaction,phone_click,1,"Jan 14, 2026",Paid Search,google / cpc,1,
https://guildgolfcarts.com/locations/?gad_source=1&gad_campaignid=22198791563&gbraid=0AAAAA-hiYqwQYdJLgaTt7IK3EKYVfQLfL&gclid=CjwKCAiA4KfLBhB0EiwAUY7GAWN4KNqWrxLkMX1jeoqBlWX91ztdAfA2CqkrJpUWQ8TW5XJeySPAOxoC9ZsQAvD_BwE,content_interaction,phone_click,1,"Jan 16, 2026",Paid Search,google / cpc,1,
https://guildgolfcarts.com/locations/,content_interaction,phone_click,1,"Jan 21, 2026",Organic Search,google / organic,1,
https://guildgolfcarts.com/locations/?gad_source=5&gad_campaignid=22132725529&gclid=EAIaIQobChMIk-vB462ekgMVqc3CBB123QmnEAAYASABEgJ3AvD_BwE,content_interaction,phone_click,1,"Jan 21, 2026",Paid Search,google / cpc,1,
https://guildgolfcarts.com/locations/?srsltid=ChEIgI%2FCywYQ6qeJ0OT2op2OARJRAE6RBn3Ky5q57I2ZJBB7llSaa5vULjnnZFjdfXeOaVPHJi5fajh%2BFbUVyYhdkyHo0KUhC35XOGXBQzQTYAH56uBljeHUDYMi8QKI1K6H8JifGgK5FA%3D%3D,content_interaction,phone_click,1,"Jan 21, 2026",Organic Search,google / organic,1,
https://guildgolfcarts.com/locations/?gad_source=1&gad_campaignid=22192342059&gclid=Cj0KCQiA7fbLBhDJARIsAOAqhsd5EPQFmpOH7oyS0yoggNPhNM01s3oC9sza5qLYRpOxGsFQbZjD7-kaAsIFEALw_wcB,content_interaction,phone_click,1,"Jan 31, 2026",Paid Search,google / cpc,1,
https://guildgolfcarts.com/locations/,content_interaction,phone_click,2,"Feb 1, 2026",Paid Search,google / cpc,1,
https://guildgolfcarts.com/locations/?gad_source=5&gad_campaignid=22132725529&gclid=EAIaIQobChMIg7qCvLq-kgMVFwGtBh24Ci_MEAAYASAAEgJ9B_D_BwE,content_interaction,phone_click,2,"Feb 3, 2026",Paid Search,google / cpc,1,
https://guildgolfcarts.com/locations/?gad_source=1&gad_campaignid=22132725529&gbraid=0AAAAA-hiYqwC1y3vvLBNdCpRrNSTM97s3&gclid=EAIaIQobChMIpKzqo-fAkgMVBB9ECB1x9yN5EAAYASACEgKpxvD_BwE,content_interaction,phone_click,2,"Feb 4, 2026",Paid Search,google / cpc,1,
https://guildgolfcarts.com/locations/?gad_source=1&gad_campaignid=22192342059&gbraid=0AAAAA-hiYqzP4E2I1u1QUiBkGDcGbD-pT&gclid=CjwKCAiAv5bMBhAIEiwAqP9GuDq_SjgBAyknLgRDq9wgDhYmtf1urxxDseonpeALL7NFBbYnZwHL_hoCcQkQAvD_BwE,content_interaction,phone_click,2,"Feb 6, 2026",Paid Search,google / cpc,1,
https://guildgolfcarts.com/locations/?gad_source=1&gad_campaignid=22132725529&gbraid=0AAAAA-hiYqyc3Ykbr_JCSiJ-XCTc5gNrX&gclid=EAIaIQobChMI9vusqOTZkgMV8xqtBh2B7hCuEAAYASABEgKaCvD_BwE,content_interaction,phone_click,2,"Feb 14, 2026",Paid Search,google / cpc,1,
https://guildgolfcarts.com/locations/?gad_source=1&gad_campaignid=22132725529&gclid=Cj0KCQiA18DMBhDeARIsABtYwT2wvFiF86ZCKda2ynBxnnFMTQbhSYcho-KpYv6V6vwHIgf4Eg7D-zkaAr-yEALw_wcB,content_interaction,phone_click,2,"Feb 14, 2026",Paid Search,google / cpc,1,
https://guildgolfcarts.com/locations/?gad_source=1&gad_campaignid=22192342059&gbraid=0AAAAA-hiYqzpV893g391KoKML9zz0nazg&gclid=EAIaIQobChMI_8--rfTgkgMVZyBECB1fqzYqEAAYAiACEgKzRvD_BwE,content_interaction,phone_click,2,"Feb 17, 2026",Paid Search,google / cpc,1,
https://guildgolfcarts.com/locations/?gad_source=5&gad_campaignid=22132725529&gclid=EAIaIQobChMIp9q40Z_nkgMVrQ9ECB3vozzsEAAYASABEgLQ5vD_BwE,content_interaction,phone_click,2,"Feb 19, 2026",Paid Search,google / cpc,1,
https://guildgolfcarts.com/locations/,content_interaction,phone_click,2,"Feb 20, 2026",Direct,(direct) / (none),1,
https://guildgolfcarts.com/locations/,content_interaction,phone_click,2,"Feb 20, 2026",Organic Search,google / organic,1,
https://guildgolfcarts.com/locations/,content_interaction,phone_click,2,"Feb 24, 2026",Organic Search,bing / organic,1,
https://guildgolfcarts.com/locations/,content_interaction,phone_click,2,"Feb 26, 2026",Direct,(direct) / (none),1,
https://guildgolfcarts.com/locations/,content_interaction,phone_click,3,"Mar 4, 2026",Organic Search,google / organic,1,
https://guildgolfcarts.com/locations/?srsltid=ChEI8MmDzgYQrufDxu%2BCpu%2BnARJRAHR8CQIgf%2FTr2s76qITf7EO5DR1CjHlIxr3l3NsejI3eQvN3l%2FIIgUM2TSnCvkcW%2FwIeohi4IDBZra3NzrUmYSLEgGPQTFa0n0JGwRK8csDIGgJDAA%3D%3D,content_interaction,phone_click,3,"Mar 23, 2026",Organic Search,google / organic,1,
https://guildgolfcarts.com/locations/?gad_source=1&gad_campaignid=22192342059&gbraid=0AAAAA-hiYqyrPcCDpNz5DDC4mGYg0S4Vd&gclid=CjwKCAjw-J3OBhBuEiwAwqZ_h1bCniXisV-ZX3PGYTqn9TH1HGs_2zG4Tjdg96i-EKKLLaDiJOjsfBoCGFEQAvD_BwE,content_interaction,phone_click,3,"Mar 28, 2026",Paid Search,google / cpc,1,
https://guildgolfcarts.com/locations/?gad_source=1&gad_campaignid=22192342059&gclid=Cj0KCQjwyr3OBhD0ARIsALlo-Ok798nbtJOyGmylSVjPSF-j8NQVcAeZA-6_t14WmhVhCJ9IE6zSe-IaAgbbEALw_wcB,content_interaction,phone_click,4,"Apr 3, 2026",Paid Search,google / cpc,1,
https://guildgolfcarts.com/locations/?gad_source=5&gad_campaignid=22132725529&gclid=EAIaIQobChMIqM-C-867kgMVtjNECB0rxC6YEAAYASAAEgL-GPD_BwE,content_interaction,phone_click,2,"Feb 2, 2026",Paid Search,google / cpc,4,
https://guildgolfcarts.com/locations/?gad_source=1&gad_campaignid=22132725529&gbraid=0AAAAA-hiYqxyHFdcYghuTjdD5Vb-MLe7b&gclid=Cj0KCQjwu7TCBhCYARIsAM_S3Ni_blPV9Gi63tjh7kO_KtRQjF1NfRbAQXXyu7lsT-yW3vK1Q0zuPbMaAgFaEALw_wcB,content_interaction,phone_click,6,"Jun 14, 2025",Paid Search,google / cpc,3,
https://guildgolfcarts.com/locations/?gad_source=1&gad_campaignid=22132725529&gbraid=0AAAAA-hiYqwCT5vLGv-HWYGNMXjPJgr-J&gclid=CjwKCAjw9anCBhAWEiwAqBJ-c_mFbMZ4w2SIE1528YmDu-I5vSKFWiJ7vbvkJ2wbTj7UVgmRamkfeBoCPlEQAvD_BwE,content_interaction,phone_click,6,"Jun 12, 2025",Paid Search,google / cpc,2,
https://guildgolfcarts.com/locations/?gad_source=1&gad_campaignid=22132725529&gclid=CjwKCAjw_pDBBhBMEiwAmY02NhERpiOvzW07d7iJ8Qt2v2wkOEB1jo_rIxw8NT_fsyGlpGhjWRbKXhoC2pIQAvD_BwE,content_interaction,phone_click,5,"May 14, 2025",Paid Search,google / cpc,1,
https://guildgolfcarts.com/locations/?gad_source=1&gad_campaignid=22132725529&gbraid=0AAAAA-hiYqxv7kvrG8iSv1HhvjN1kSG3l&gclid=Cj0KCQjw0erBBhDTARIsAKO8iqRg8YNQ-NmoltyTOtVevoVrw_ikqhTtKEqlrlWWWhN9yAcIU6IxZiUaAqDdEALw_wcB,content_interaction,phone_click,5,"May 31, 2025",Paid Search,google / cpc,1,
https://guildgolfcarts.com/locations/?gad_source=1&gad_campaignid=22132725529&gbraid=0AAAAA-hiYqxv7kvrG8iSv1HhvjN1kSG3l&gclid=Cj0KCQjw0erBBhDTARIsAKO8iqSvg5yvoJ6kiKjG2U_wK1Sb_evcgFSv-LmN3H6lEilvTdJgre_Y6uIaAgiKEALw_wcB,content_interaction,phone_click,5,"May 31, 2025",Paid Search,google / cpc,1,
https://guildgolfcarts.com/locations/?gad_source=1&gad_campaignid=22132725529&gbraid=0AAAAA-hiYqy4bLSJfzZ0LjRoC4DG4G5Qo&gclid=CjwKCAjw9anCBhAWEiwAqBJ-cydPy6wqf52UUi4RhMadDn1Uh3Th2o2oJfWY4nvYf9XJyM6WPj4g0hoCilYQAvD_BwE,content_interaction,phone_click,6,"Jun 12, 2025",Paid Search,google / cpc,1,
https://guildgolfcarts.com/locations/?gad_source=1&gad_campaignid=22132725529&gclid=CjwKCAjwgb_CBhBMEiwA0p3oOO37xsasbIBP58pPYRYuqnt_K12wN3MKzaT3rlkA5izu8kKrhBPfeRoC7XUQAvD_BwE,content_interaction,phone_click,6,"Jun 16, 2025",Paid Search,google / cpc,1,
https://guildgolfcarts.com/locations/?gad_source=1&gad_campaignid=22132725529&gbraid=0AAAAA-hiYqxBqKP9cFBHbxi6OvbYUXBzZ&gclid=EAIaIQobChMIjoHz3OqAjgMVNhGtBh2QVwnVEAAYASACEgJECPD_BwE,content_interaction,phone_click,6,"Jun 20, 2025",Paid Search,google / cpc,1,
https://guildgolfcarts.com/locations/?gad_source=1&gad_campaignid=22132725529&gbraid=0AAAAA-hiYqxJRUe1rlIlkg2_MrwnnISCg&gclid=Cj0KCQjw1JjDBhDjARIsABlM2StAOQ6RvjKDwEygC9Brv1KF7j_wZ4YOTutHyY3ZsJ8oTSXWavNyEQIaAozyEALw_wcB,content_interaction,phone_click,7,"Jul 3, 2025",Paid Search,google / cpc,1,
https://guildgolfcarts.com/locations/?gad_source=1&gad_campaignid=22132725529&gbraid=0AAAAA-hiYqyaDdo7a_0qtiO_24CZ_tDyB&gclid=CjwKCAjw4K3DBhBqEiwAYtG_9DPT1x6_NZ6WoAeccUNDGLaibbwzFSIL60KFgJvwfi2xcMiYWFoAFBoCeuYQAvD_BwE,content_interaction,phone_click,7,"Jul 7, 2025",Paid Search,google / cpc,1,
https://guildgolfcarts.com/locations/?gad_source=1&gad_campaignid=22192342059&gclid=CjwKCAjw6s7CBhACEiwAuHQckmQZTrjHNkq57elrBe9JwJVw-Tn2UMLBNfDHM3hLtH_0Qg9YHzweqhoCuOcQAvD_BwE,content_interaction,phone_click,6,"Jun 19, 2025",Paid Search,google / cpc,1,
https://guildgolfcarts.com/locations/?gad_source=1&gad_campaignid=22192342059&gclid=CjwKCAjw7fzDBhA7EiwAOqJkh20Y8HkF7O2ncduZywET3QBO76Fr9-cFENIIHSdcoHCSPE_1s_YpoRoCTnYQAvD_BwE,content_interaction,phone_click,7,"Jul 22, 2025",Paid Search,google / cpc,1,
https://guildgolfcarts.com/locations/?gad_source=1&gad_campaignid=22198791563&gbraid=0AAAAA-hiYqyF8IEfh2mqob7CWkHJtGXPL&gclid=CjwKCAjwn6LABhBSEiwAsNJrjm8cuaIAFx3l2s6-bsWlEFhm-12a5TKwOrNM083eu7uSbbUyQUr3-xoCflgQAvD_BwE,content_interaction,phone_click,4,"Apr 23, 2025",Paid Search,google / cpc,1,
https://guildgolfcarts.com/locations/?gad_source=1&gad_campaignid=22198791563&gclid=CjwKCAjwpMTCBhA-EiwA_-MsmQ01HUFQXvzQg2K2G-mmfczmZyNpc4sUEwrloYZU3H51raSa5cKxrBoC3EUQAvD_BwE,content_interaction,phone_click,6,"Jun 17, 2025",Paid Search,google / cpc,1,
https://guildgolfcarts.com/locations/?gad_source=1&gad_campaignid=22198791563&gbraid=0AAAAA-hiYqzqok6ayKFi8tacn7nqTzRLo&gclid=Cj0KCQjw1JjDBhDjARIsABlM2Su_3UAJHqYy5T0cEuu86HNlZkdk_pPNi61YfLstdTLEQatUdTJXTs8aAgmtEALw_wcB,content_interaction,phone_click,7,"Jul 3, 2025",Paid Search,google / cpc,1,
https://guildgolfcarts.com/locations/?gad_source=1&gad_campaignid=22198791563&gbraid=0AAAAA-hiYqzPziseinP2lRO5pWl9T7Qjl&gclid=Cj0KCQjwhafEBhCcARIsAEGZEKJSidkyQnxk-727oz1wnQcU620RkCPeOKq3MfLM1L4XM6_CiAkATfYaAkuwEALw_wcB,content_interaction,phone_click,7,"Jul 30, 2025",Paid Search,google / cpc,1,
https://guildgolfcarts.com/locations/?gad_source=1&gad_campaignid=22198841906&gbraid=0AAAAA-hiYqyf5E-AkSu_hCyKPxfNd12cQ&gclid=CjwKCAjwn6LABhBSEiwAsNJrjiCXGgo8-PMrnAv3Hdw6yQfUwKlndlc87BUJnRQL5j5aGiBpQloNwhoCgFgQAvD_BwE,content_interaction,phone_click,4,"Apr 23, 2025",Paid Search,google / cpc,1,
https://guildgolfcarts.com/locations/?gad_source=1&gad_campaignid=22202718124&gbraid=0AAAAA-hiYqwxo8aw7Ghc82PC5uE9IsgaV&gclid=Cj0KCQjw1JjDBhDjARIsABlM2SuhMPPswJqchbIgmy8Po60p7pgfhh27CzJJYeSHuqjZiytd1z8d3ygaAqXkEALw_wcB,content_interaction,phone_click,7,"Jul 3, 2025",Paid Search,google / cpc,1,
https://guildgolfcarts.com/locations/?gad_source=1&gad_campaignid=22202718124&gclid=CjwKCAjwwNbEBhBpEiwAFYLtGDWBZQT-uwFWz85MHrQ7_4IYEopzoC3IOoeT-h9vdSgx6q6PKWovNxoC-NgQAvD_BwE,content_interaction,phone_click,8,"Aug 8, 2025",Paid Search,google / cpc,1,
https://guildgolfcarts.com/locations/?gad_source=1&gad_campaignid=22202746687&gbraid=0AAAAA-hiYqxR1-Jtw3OTs6srbHPukeOwS&gclid=EAIaIQobChMI8abYtJiKjgMV-idECB0D2CaJEAAYASACEgL_VvD_BwE,content_interaction,phone_click,6,"Jun 24, 2025",Paid Search,google / cpc,1,
https://guildgolfcarts.com/locations/?gad_source=1&gad_campaignid=22202746687&gbraid=0AAAAA-hiYqxX6ov8d9mWA76NiRMCeeIcj&gclid=Cj0KCQjwndHEBhDVARIsAGh0g3D4IMNoxohxqCFedZxbRpATNJlXOQOZMLMz0FZt69htncU4ZzlCQ0YaAlimEALw_wcB,content_interaction,phone_click,8,"Aug 7, 2025",Paid Search,google / cpc,1,
https://guildgolfcarts.com/looking-for-golf-cart-parts-in-seattle-wa/?srsltid=ChEI8JnpwgYQ%2FaWcgM30zOrTARJRAOItLsHjXsgsqMUgGzIRFB9JYrnDZG%2FM8wliwioX0U7rpKegblq2KMni2JIrZ7BPia4v21EPBAIEWko%2BDaKSZyBCfcO1cP4ReIwxECXPag4cGgJc%2Bg%3D%3D,content_interaction,phone_click,6,"Jun 24, 2025",Organic Search,google / organic,1,
https://guildgolfcarts.com/maverick-d5-ranger-22/,content_interaction,phone_click,9,"Sep 19, 2025",Direct,(direct) / (none),8,
https://guildgolfcarts.com/maverick-d5-ranger-22/,form_interaction,form_submission,2,"Feb 16, 2025",Organic Search,duckduckgo / organic,1,0
https://guildgolfcarts.com/maverick-d5-ranger-22/,form_interaction,form_submission,5,"May 23, 2025",Direct,(direct) / (none),1,
https://guildgolfcarts.com/maverick-d5-ranger-22/,form_interaction,form_submission,6,"Jun 20, 2025",Paid Search,google / cpc,1,
https://guildgolfcarts.com/maverick-d5-ranger-22/,form_interaction,form_submission,7,"Jul 18, 2025",Organic Search,bing / organic,1,
https://guildgolfcarts.com/maverick-d5-ranger-22/,form_interaction,form_submission,7,"Jul 31, 2025",Organic Search,google / organic,1,
https://guildgolfcarts.com/maverick-d5-ranger-22/,form_interaction,form_submission,8,"Aug 1, 2025",Organic Search,google / organic,1,
https://guildgolfcarts.com/maverick-d5-ranger-22/,form_interaction,form_submission,9,"Sep 19, 2025",Direct,(direct) / (none),1,
https://guildgolfcarts.com/maverick-d5-ranger-22/,form_interaction,form_submission,12,"Dec 18, 2025",Direct,(direct) / (none),1,
https://guildgolfcarts.com/maverick-d5-ranger-22/,form_interaction,form_submission,1,"Jan 2, 2026",Direct,(direct) / (none),1,
https://guildgolfcarts.com/need-golf-cart-rental-in-portland-oregon/?srsltid=ChAI8NDTxgYQq4fE1sHF2vh8ElEALC1DY%2FZTIZ2Af8aokDzCjFnZEZfEa6KgiF0dXQMZYIiRirAZNFxRN7Rjp65KcvMkikR63N8nxZr4fIBBJArwYLyOkBTJPqtKeVCC5CnW8KYaAvy0,content_interaction,phone_click,9,"Sep 25, 2025",Organic Search,google / organic,1,
https://guildgolfcarts.com/need-golf-cart-rental-in-seattle-wa/,form_interaction,form_submission,5,"May 6, 2025",Organic Search,google / organic,1,
https://guildgolfcarts.com/need-golf-cart-rental-in-seattle-wa/?srsltid=ChAI8PWpwgYQ9ILD%2BNb5%2FMtcElEAQiwdYZp90scWdRzfLIex5qZ6ogRcKb6bjLOdy4nVqMZocEsGuTKbrptBPdLoYNXUQYmVg6V7pJAsXUXB%2BG2mvVEAapYsI0tFa5dBFj%2FBKe8aAiq0,form_interaction,form_submission,6,"Jun 12, 2025",Organic Search,google / organic,1,
https://guildgolfcarts.com/need-golf-cart-rental-in-seattle-wa/?srsltid=ChAI8KGWwQYQ1ufyk9ay4PNoElEAWjrC4A43Bto8mSQ7ABBDb0zEKHsvS5bBbIfVW8BHGN%2Bnl4NURvCNujHvwXQZMqifIAT9sm8TeSc4RwT06NvASNfj0%2BENCjGZvFA35y3fepwaAoKX,content_interaction,phone_click,5,"May 15, 2025",Organic Search,google / organic,1,
https://guildgolfcarts.com/need-golf-cart-rental-in-seattle-wa/?srsltid=ChAI8KGWwQYQ1ufyk9ay4PNoElEAWjrC4G9tLsvf63TNOhLa9wAwlW%2ByOgm16FfqsRx%2FCjjF1jnWdH%2FAy6Cpn8GEawA21hLoRAJNUigyAykREC%2BaJulHSG6Te%2BSc%2FwtPS9cBse4aAu9b,content_interaction,phone_click,5,"May 15, 2025",Organic Search,google / organic,1,
https://guildgolfcarts.com/need-golf-cart-rental-in-seattle-wa/?srsltid=ChAI8KGWwQYQ1ufyk9ay4PNoElEAWjrC4A43Bto8mSQ7ABBDb0zEKHsvS5bBbIfVW8BHGN%2Bnl4NURvCNujHvwXQZMqifIAT9sm8TeSc4RwT06NvASNfj0%2BENCjGZvFA35y3fepwaAoKX,session_start,phone_click,5,"May 15, 2025",Organic Search,google / organic,1,
https://guildgolfcarts.com/need-golf-cart-rental-in-seattle-wa/?srsltid=ChEI8PO1wQYQ%2B%2BiY4Nr0j6vaARJRAAeEZGapyIJjrYOhEkG4VoftdzXjB4VqTtJidx9SctvPQW1gg4AlgrTusqIHFrLPyMYIL%2Fka8VIZjHfyXlrwblWEVgKXKlirdNFJnyaJYa9fGgIy2A%3D%3D&utm_source=chatgpt.com,content_interaction,phone_click,5,"May 21, 2025",Unassigned,chatgpt.com / (not set),1,
https://guildgolfcarts.com/need-golf-cart-rental-in-seattle-wa/?srsltid=ChAI8OzCwwYQ5e300PX9it4OElEAcL8xKNnNUQxc7aWqFGe6oxVIztXzvHur33sOwxWFjjUTTi8SChmv8fsHaRWfuaQboQ4hyt2p4VukZm35zqeIwtSivU5Tx9HV4YL6yKTjJfQaAoer,content_interaction,phone_click,7,"Jul 11, 2025",Organic Search,google / organic,1,
https://guildgolfcarts.com/need-used-golf-carts-in-portland-oregon/?srsltid=ChEI8LnjxgYQyK2hu7Geova2ARJRAOTeziw4%2Fb8LnaEqmNefvTTaKEHSNbZef4vgRuvjtdGTBOjucK5RdWNrg%2BZfMEgsQLydYCvNWi%2B5GGibUxPAd32uXb4AErYmjQZZ0LA1T%2BwtGgJnqg%3D%3D,content_interaction,phone_click,9,"Sep 28, 2025",Organic Search,google / organic,1,
https://guildgolfcarts.com/need-used-golf-carts-in-portland-oregon/?gad_source=1&gad_campaignid=22132725529&gbraid=0AAAAA-hiYqzZn0EcaXNz8_ngsHedM2E_f&gclid=CjwKCAiAu67KBhAkEiwAY0jAlTp6hYYbE8OAIu4n1LXDB_z3ACyFaDp1xThcJ0-U-vSviOzlSPF9RRoC7uMQAvD_BwE,content_interaction,phone_click,12,"Dec 24, 2025",Paid Search,google / cpc,1,
https://guildgolfcarts.com/need-used-golf-carts-in-portland-oregon/?gad_source=1&gad_campaignid=22198791563&gclid=Cj0KCQiA18DMBhDeARIsABtYwT2u0BZlFKSzfgC2Lf-g4JWmtwXHr9xA0z2hTCNhPEGE25D_R04p7MYaAqZUEALw_wcB,content_interaction,phone_click,2,"Feb 14, 2026",Paid Search,google / cpc,1,
https://guildgolfcarts.com/return-policy/,content_interaction,phone_click,3,"Mar 21, 2025",Paid Search,google / cpc,1,0
https://guildgolfcarts.com/return-policy/,content_interaction,phone_click,3,"Mar 21, 2026",Display,google / cpc,1,
https://guildgolfcarts.com/service-and-parts-center/,form_interaction,form_submission,10,"Oct 7, 2025",Organic Search,google / organic,5,
https://guildgolfcarts.com/service-and-parts-center/,form_interaction,form_submission,11,"Nov 17, 2025",Organic Search,google / organic,3,
https://guildgolfcarts.com/service-and-parts-center/,form_interaction,form_submission,4,"Apr 11, 2025",Organic Search,google / organic,2,
https://guildgolfcarts.com/service-and-parts-center/,form_interaction,form_submission,4,"Apr 29, 2025",Organic Search,bing / organic,2,
https://guildgolfcarts.com/service-and-parts-center/,form_interaction,form_submission,6,"Jun 22, 2025",Direct,(direct) / (none),2,
https://guildgolfcarts.com/service-and-parts-center/,form_interaction,form_submission,6,"Jun 25, 2025",Organic Search,google / organic,2,
https://guildgolfcarts.com/service-and-parts-center/,form_interaction,form_submission,7,"Jul 31, 2025",Organic Search,google / organic,2,
https://guildgolfcarts.com/service-and-parts-center/,form_interaction,form_submission,9,"Sep 9, 2025",Organic Search,google / organic,2,
https://guildgolfcarts.com/service-and-parts-center/,form_interaction,form_submission,10,"Oct 14, 2025",Organic Search,google / organic,2,
https://guildgolfcarts.com/service-and-parts-center/,form_interaction,form_submission,10,"Oct 28, 2025",Organic Search,google / organic,2,
https://guildgolfcarts.com/service-and-parts-center/,form_interaction,form_submission,3,"Mar 4, 2026",Organic Search,google / organic,2,
https://guildgolfcarts.com/service-and-parts-center/,form_interaction,form_submission,3,"Mar 25, 2026",Organic Search,google / organic,2,
https://guildgolfcarts.com/service-and-parts-center/,form_interaction,form_submission,4,"Apr 8, 2025",Organic Search,bing / organic,1,0
https://guildgolfcarts.com/service-and-parts-center/,form_interaction,form_submission,4,"Apr 19, 2025",Direct,(direct) / (none),1,
https://guildgolfcarts.com/service-and-parts-center/,form_interaction,form_submission,4,"Apr 28, 2025",Organic Search,google / organic,1,
https://guildgolfcarts.com/service-and-parts-center/,form_interaction,form_submission,5,"May 1, 2025",Organic Search,google / organic,1,
https://guildgolfcarts.com/service-and-parts-center/,form_interaction,form_submission,5,"May 30, 2025",Organic Search,google / organic,1,
https://guildgolfcarts.com/service-and-parts-center/,form_interaction,form_submission,6,"Jun 2, 2025",Organic Search,google / organic,1,
https://guildgolfcarts.com/service-and-parts-center/,form_interaction,form_submission,6,"Jun 16, 2025",Organic Search,google / organic,1,
https://guildgolfcarts.com/service-and-parts-center/,form_interaction,form_submission,6,"Jun 17, 2025",Organic Search,google / organic,1,
https://guildgolfcarts.com/service-and-parts-center/,form_interaction,form_submission,6,"Jun 18, 2025",Organic Search,google / organic,1,
https://guildgolfcarts.com/service-and-parts-center/,form_interaction,form_submission,6,"Jun 23, 2025",Direct,(direct) / (none),1,
https://guildgolfcarts.com/service-and-parts-center/,form_interaction,form_submission,7,"Jul 3, 2025",Organic Search,google / organic,1,
https://guildgolfcarts.com/service-and-parts-center/,form_interaction,form_submission,7,"Jul 24, 2025",Organic Search,google / organic,1,
https://guildgolfcarts.com/service-and-parts-center/,form_interaction,form_submission,8,"Aug 27, 2025",Direct,(direct) / (none),1,
https://guildgolfcarts.com/service-and-parts-center/,form_interaction,form_submission,9,"Sep 4, 2025",Organic Search,bing / organic,1,
https://guildgolfcarts.com/service-and-parts-center/?srsltid=ChAI8IuDxwYQwf%2Bw8ueZ2tcUElEA4Sus3bYrtR39E7IseYKSBKzI%2B2wPHgCZdwbaviFhGsoqOrAYW1D1uOAiEwNfzZWSrA5oeoOdd0w8KS%2Bb7AZVLctn4FDwEYxER7CvFYWjc1saAuQC,form_interaction,form_submission,10,"Oct 4, 2025",Organic Search,google / organic,1,
https://guildgolfcarts.com/service-and-parts-center/?srsltid=ChAI8IuDxwYQwf%2Bw8ueZ2tcUElEA4Sus3eBVNz4jf2OTWAEN0kbTCuW%2F5xtaNoKgw1xbRO4tqA1Ze0DfsCTpEIJSAtLDFINizciMJosn7IAgapsB8bUZmEqNpc16jqpLKCvxbyIaAmeB,form_interaction,form_submission,10,"Oct 4, 2025",Organic Search,google / organic,1,
https://guildgolfcarts.com/service-and-parts-center/,form_interaction,form_submission,11,"Nov 11, 2025",Organic Search,google / organic,1,
https://guildgolfcarts.com/service-and-parts-center/,form_interaction,form_submission,11,"Nov 22, 2025",Direct,(direct) / (none),1,
https://guildgolfcarts.com/service-and-parts-center/,form_interaction,form_submission,1,"Jan 29, 2026",Referral,us12.campaign-archive.com / referral,1,
https://guildgolfcarts.com/service-and-parts-center/,form_interaction,form_submission,2,"Feb 10, 2026",Organic Search,google / organic,1,
https://guildgolfcarts.com/service-and-parts-center/,form_interaction,form_submission,2,"Feb 24, 2026",Organic Search,google / organic,1,
https://guildgolfcarts.com/service-and-parts-center/,form_interaction,form_submission,3,"Mar 6, 2026",Organic Search,google / organic,1,
https://guildgolfcarts.com/service-and-parts-center/,form_interaction,form_submission,3,"Mar 10, 2026",Organic Search,google / organic,1,
https://guildgolfcarts.com/service-and-parts-center/,session_start,form_submission,3,"Mar 10, 2026",Organic Search,google / organic,1,
https://guildgolfcarts.com/service-and-parts-center/,content_interaction,phone_click,5,"May 5, 2025",Paid Search,google / cpc,1,
https://guildgolfcarts.com/service-and-parts-center/,content_interaction,phone_click,5,"May 14, 2025",Organic Search,google / organic,1,
https://guildgolfcarts.com/service-and-parts-center/,content_interaction,phone_click,8,"Aug 4, 2025",Organic Search,google / organic,1,
https://guildgolfcarts.com/service-and-parts-center/,content_interaction,phone_click,8,"Aug 9, 2025",Direct,(direct) / (none),1,
https://guildgolfcarts.com/service-and-parts-center/,content_interaction,phone_click,8,"Aug 28, 2025",Direct,(direct) / (none),1,
https://guildgolfcarts.com/service-and-parts-center/?srsltid=ChAI8IuDxwYQwf%2Bw8ueZ2tcUElEA4Sus3ZcQzly3ezbHhpl8DO%2Bap%2BAzw0FOCH0gPSlh1U%2FanXmQLEoAAphVTAhitYdKBo2gsYGxbByZcDpI0nG%2F3%2BExwatF%2FH0W3nx%2FDtbo5ogaAsw%2B,content_interaction,phone_click,10,"Oct 4, 2025",Organic Search,google / organic,1,
https://guildgolfcarts.com/service-and-parts-center/?gad_source=1&gad_campaignid=22198791563&gclid=CjwKCAiAjc7KBhBvEiwAE2BDOU9jGlrCQpym4POWmdoDKqaHUfMM24AS0R_-obZZZ2egB1S4u8kg7RoCGfMQAvD_BwE,content_interaction,phone_click,12,"Dec 30, 2025",Paid Search,google / cpc,1,
https://guildgolfcarts.com/service-and-parts-center/,content_interaction,phone_click,2,"Feb 11, 2026",Direct,(direct) / (none),1,
https://guildgolfcarts.com/service-parts/,form_interaction,form_submission,3,"Mar 28, 2025",Organic Search,google / organic,4,0
https://guildgolfcarts.com/service-parts/,form_interaction,form_submission,3,"Mar 27, 2025",Paid Search,google / cpc,2,0
https://guildgolfcarts.com/street-legal-golf-carts/?gad_source=5&gad_campaignid=23321963421&gclid=EAIaIQobChMI8ueB34iKkwMVXFcIBB38ShrFEAEYASAAEgKryfD_BwE,form_interaction,form_submission,3,"Mar 5, 2026",Display,google / cpc,6,
https://guildgolfcarts.com/street-legal-golf-carts/?gad_source=5&gad_campaignid=23321963421&gclid=EAIaIQobChMI4Nm3x8WOkwMVQ1YIBB0Hti_rEAEYASAAEgLvmfD_BwE,form_interaction,form_submission,3,"Mar 7, 2026",Display,google / cpc,3,
https://guildgolfcarts.com/street-legal-golf-carts/?gad_source=5&gad_campaignid=23321963421&gclid=EAIaIQobChMIy7qfq7vDkwMV1r1_BB10OBjdEAEYASAAEgIi6vD_BwE,content_interaction,phone_click,3,"Mar 28, 2026",Display,google / cpc,3,
https://guildgolfcarts.com/street-legal-golf-carts/?gad_source=5&gad_campaignid=23321963421&gclid=EAIaIQobChMImdbH0bmvkwMViOH9BR103iRLEAEYASAAEgIswvD_BwE,content_interaction,phone_click,3,"Mar 20, 2026",Display,google / cpc,2,
https://guildgolfcarts.com/street-legal-golf-carts/?gad_source=5&gad_campaignid=23321963421&gclid=EAIaIQobChMIlYXVt-PIkwMVlj-sAB20_DZOEAEYASAAEgKZlvD_BwE,content_interaction,phone_click,3,"Mar 30, 2026",Display,google / cpc,2,
https://guildgolfcarts.com/street-legal-golf-carts/?gad_source=5&gad_campaignid=23321963421&gclid=EAIaIQobChMIoqP2moCFkwMV4oPLAR2-1gKVEAEYASAAEgLkH_D_BwE,form_interaction,form_submission,3,"Mar 3, 2026",Display,google / cpc,1,
https://guildgolfcarts.com/street-legal-golf-carts/?gad_source=5&gad_campaignid=23321963421&gclid=EAIaIQobChMI8pWrx4m3kwMVLZY6BR0r0wSFEAEYASAAEgIQjPD_BwE,form_interaction,form_submission,3,"Mar 23, 2026",Display,google / cpc,1,
https://guildgolfcarts.com/street-legal-golf-carts/?gad_source=5&gad_campaignid=23321963421&gclid=EAIaIQobChMIy7qfq7vDkwMV1r1_BB10OBjdEAEYASAAEgIi6vD_BwE,form_interaction,form_submission,3,"Mar 28, 2026",Display,google / cpc,1,
https://guildgolfcarts.com/street-legal-golf-carts/?gad_source=5&gad_campaignid=23321963421&gclid=EAIaIQobChMI59TRgJSbkwMVq8D9BR0JShGjEAEYASAAEgJ__vD_BwE,content_interaction,phone_click,3,"Mar 12, 2026",Display,google / cpc,1,
https://guildgolfcarts.com/street-legal-golf-carts/?gad_source=5&gad_campaignid=23321963421&gclid=EAIaIQobChMIu6-09fyukwMV2RbMBB2lGQrdEAEYASAAEgKvJPD_BwE,content_interaction,phone_click,3,"Mar 20, 2026",Display,google / cpc,1,
https://guildgolfcarts.com/street-legal-golf-carts/?gad_source=5&gad_campaignid=23321963421&gclid=EAIaIQobChMI9PmOs9C7kwMVQ1AtBB10SgbKEAEYASAAEgIGP_D_BwE,content_interaction,phone_click,3,"Mar 25, 2026",Display,google / cpc,1,
https://guildgolfcarts.com/street-legal-golf-carts/?gad_source=5&gad_campaignid=23321963421&gclid=EAIaIQobChMI2O3Ez4G-kwMVZypECB2YwSimEAEYASAAEgJrIvD_BwE,content_interaction,phone_click,3,"Mar 26, 2026",Display,google / cpc,1,
https://guildgolfcarts.com/street-legal-golf-carts/?gad_source=5&gad_campaignid=23321963421&gclid=EAIaIQobChMIsO_Y16LVkwMVueX9BR3MhxIyEAEYASAAEgKyJPD_BwE,content_interaction,phone_click,4,"Apr 4, 2026",Display,google / cpc,1,
https://guildgolfcarts.com/tara-golf-carts/,content_interaction,phone_click,7,"Jul 11, 2025",Direct,(direct) / (none),2,
https://guildgolfcarts.com/tara-golf-carts/,form_interaction,form_submission,6,"Jun 8, 2025",Paid Search,google / cpc,1,
https://guildgolfcarts.com/tara-golf-carts/,form_interaction,form_submission,7,"Jul 2, 2025",Organic Search,google / organic,1,
https://guildgolfcarts.com/tara-golf-carts/,form_interaction,form_submission,8,"Aug 17, 2025",Organic Search,yahoo / organic,1,
https://guildgolfcarts.com/tara-golf-carts/,form_interaction,form_submission,11,"Nov 17, 2025",Referral,atvtrader.com / referral,1,
https://guildgolfcarts.com/tara-golf-carts/,content_interaction,phone_click,8,"Aug 18, 2025",Organic Search,yahoo / organic,1,
https://guildgolfcarts.com/tara-golf-carts/,content_interaction,phone_click,4,"Apr 3, 2026",Organic Search,google / organic,1,
https://guildgolfcarts.com/tara-roadster-2/,form_interaction,form_submission,10,"Oct 1, 2025",Organic Search,google / organic,2,
https://guildgolfcarts.com/tara-roadster-2/,form_interaction,form_submission,6,"Jun 4, 2025",Organic Search,google / organic,1,
https://guildgolfcarts.com/tara-roadster-2/,form_interaction,form_submission,6,"Jun 16, 2025",Paid Search,google / cpc,1,
https://guildgolfcarts.com/tara-roadster-2/,form_interaction,form_submission,8,"Aug 18, 2025",Organic Search,google / organic,1,
https://guildgolfcarts.com/tara-roadster-2/,form_interaction,form_submission,9,"Sep 17, 2025",Organic Search,google / organic,1,
https://guildgolfcarts.com/tara-roadster-2/,form_interaction,form_submission,11,"Nov 9, 2025",Organic Search,duckduckgo / organic,1,
https://guildgolfcarts.com/tara-roadster-2/,form_interaction,form_submission,11,"Nov 24, 2025",Organic Search,google / organic,1,
https://guildgolfcarts.com/tara-roadster-2/,form_interaction,form_submission,11,"Nov 30, 2025",Organic Search,google / organic,1,
https://guildgolfcarts.com/tara-roadster-2/,form_interaction,form_submission,12,"Dec 23, 2025",Organic Search,google / organic,1,
https://guildgolfcarts.com/tara-roadster-2/,form_interaction,form_submission,2,"Feb 25, 2026",Direct,(direct) / (none),1,
https://guildgolfcarts.com/tara-roadster-2/,form_interaction,form_submission,3,"Mar 15, 2026",Organic Search,yahoo / organic,1,
https://guildgolfcarts.com/tara-roadster-2/,content_interaction,phone_click,6,"Jun 19, 2025",Organic Search,duckduckgo / organic,1,
https://guildgolfcarts.com/tara-roadster-2/,content_interaction,phone_click,2,"Feb 20, 2026",Paid Search,google / cpc,1,
https://guildgolfcarts.com/tara-roadster-22/,form_interaction,form_submission,2,"Feb 21, 2026",Organic Search,google / organic,1,
https://guildgolfcarts.com/tara-roadster-22/?srsltid=ChEIgMPbyAYQ%2FO%2B%2Fn5SR7aLpARJRAOaafca2FWU5eflmY86c7N%2B%2FC0e7D5mmcOxtwFv%2BD%2BcJ6wC8OiraTe%2FZI1qOJ6Z9midxVI%2BTdakSumvrDR%2BlHn8wcsQ4bNA9aRM%2FtBTNQKrtGgLVgA%3D%3D,content_interaction,phone_click,11,"Nov 14, 2025",Unassigned,(not set),1,
https://guildgolfcarts.com/tara-roadster-22/?srsltid=ChEIgMPbyAYQ%2FO%2B%2Fn5SR7aLpARJRAOaafcawtBVB%2BePecTR%2B5BYKQSjZ5GgsXVWVjEV475WTuIxJubgcsP3zhqLr9eDcAT2LcArSLd7ToYY6IHIrS0JQl%2FfNGNttTv1St4Ze%2FDk1GgKffg%3D%3D,content_interaction,phone_click,11,"Nov 14, 2025",Unassigned,(not set),1,
https://guildgolfcarts.com/tara-spirit-plus/,form_interaction,form_submission,12,"Dec 1, 2025",Organic Search,google / organic,1,
https://guildgolfcarts.com/tara-spirit-plus/,form_interaction,form_submission,3,"Mar 27, 2026",Organic Search,google / organic,1,
https://guildgolfcarts.com/tara-spirit-plus/,form_interaction,form_submission,4,"Apr 2, 2026",Organic Social,ig / social,1,
https://guildgolfcarts.com/teko-golf-carts/,form_interaction,form_submission,3,"Mar 21, 2026",Organic Search,google / organic,1,
https://guildgolfcarts.com/teko-trophy/,form_interaction,form_submission,2,"Feb 1, 2026",Paid Search,google / cpc,2,
https://guildgolfcarts.com/teko-trophy/,form_interaction,form_submission,4,"Apr 9, 2026",Paid Search,google / cpc,1,
https://guildgolfcarts.com/teko-turbo/,form_interaction,form_submission,3,"Mar 17, 2026",Organic Search,google / organic,2,
https://guildgolfcarts.com/teko-turbo/,form_interaction,form_submission,2,"Feb 4, 2026",Organic Search,duckduckgo / organic,1,
https://guildgolfcarts.com/testimonials/,content_interaction,phone_click,9,"Sep 10, 2025",Organic Search,google / organic,1,
https://guildgolfcarts.com/tomberlin-emerge-se/,form_interaction,form_submission,1,"Jan 13, 2026",Direct,(direct) / (none),1,
https://guildgolfcarts.com/what-are-the-reviews-for-the-evolution-forester-4-plus-drive/?utm_source=chatgpt.com,content_interaction,phone_click,9,"Sep 26, 2025",Unassigned,chatgpt.com / (not set),1,
https://guildgolfcarts.com/what-does-golf-cart-insurance-cover/,form_interaction,form_submission,2,"Feb 11, 2025",Organic Search,google / organic,2,0
https://guildgolfcarts.com/what-does-golf-cart-insurance-cover/,content_interaction,phone_click,4,"Apr 8, 2025",Organic Search,google / organic,1,0
https://guildgolfcarts.com/what-factors-determine-the-cost-of-golf-cart-insurance-with-state-farm/,content_interaction,phone_click,2,"Feb 11, 2025",Organic Search,google / organic,1,0
https://guildgolfcarts.com/what-happens-if-golf-cart-batteries-run-out-of-water/?srsltid=ChEI8NzoxgYQ7avO0fPG%2BJbiARJRALIhKU%2FhvT7Ku8sTtOOZcfyUt4fN1HNY%2FTnAbAgPengtyatb2cfFYwE0%2BivLx7BmV2PQUjNI0f373nKYz2WxIN1ELWh5QIENQVIRjXBCXKGvGgInsg%3D%3D,content_interaction,phone_click,9,"Sep 29, 2025",Organic Search,google / organic,1,
https://guildgolfcarts.com/what-is-a-good-price-for-a-used-golf-cart/,content_interaction,phone_click,5,"May 21, 2025",Organic Search,google / organic,2,
https://guildgolfcarts.com/what-is-a-good-price-for-a-used-golf-cart/,content_interaction,phone_click,4,"Apr 9, 2025",Direct,(direct) / (none),1,0
https://guildgolfcarts.com/what-is-better-3-wheel-or-4-wheel-golf-cart/,content_interaction,phone_click,4,"Apr 15, 2025",Direct,(direct) / (none),1,
https://guildgolfcarts.com/what-is-the-fastest-golf-cart/,form_interaction,form_submission,7,"Jul 9, 2025",Organic Search,bing / organic,2,
https://guildgolfcarts.com/what-is-the-legal-age-to-drive-a-golf-cart-in-california-2/?srsltid=ChAI8KqgxQYQhKb0zoyi7bttElEAU3n744JkC7b0bQ7vGjiTg7kc0g4jpBwJAdwTGxsv9u7FjJSjiXmRN7aVBEsjR0RZxnoSTxSi6tig0vB4YjxmZyyQTNHfs8q4vau3Guw0tL0aAtkk,content_interaction,phone_click,8,"Aug 22, 2025",Organic Search,google / organic,3,
https://guildgolfcarts.com/what-is-the-legal-age-to-drive-a-golf-cart-in-california-2/?srsltid=ChAI8KqgxQYQhKb0zoyi7bttElEAU3n74%2FbPZ6fin52eETP%2BpABuHpHu4fCyBwznlm9n9X0Buo6YCPKAJ3iGQ8MSWi7p9FoqUqG5SztH2xGoCRFvsPqm2sdanNXKvJo55dRhJNwaAoza,content_interaction,phone_click,8,"Aug 22, 2025",Organic Search,google / organic,1,
https://guildgolfcarts.com/what-is-the-legal-age-to-drive-a-golf-cart-in-california-2/?srsltid=ChAI8KqgxQYQhKb0zoyi7bttElEAU3n741ajwWcsFWMc52Dr6%2B8%2FyrlZ1eZG029zsIuVAmtimQfMrbcDvl%2Bq%2FdliwBHvVUwIi8wAGEJECZJva%2BiykELdLuOiz7M%2BwDKpAC9stZIaAvnu,content_interaction,phone_click,8,"Aug 22, 2025",Organic Search,google / organic,1,
https://guildgolfcarts.com/what-is-the-legal-age-to-drive-a-golf-cart-in-california-2/?srsltid=ChAI8KqgxQYQhKb0zoyi7bttElEAU3n744NqI7QiVrkrti%2FVlmIvMrbx3rUn7jXctwiDxkMMFy69ZclHYewsKTcdSqm2M%2BMBmWPfjQimJDraqnRaf1xMDTtzfK1udadDamCoTeYaAt%2FV,content_interaction,phone_click,8,"Aug 22, 2025",Organic Search,google / organic,1,
https://guildgolfcarts.com/what-is-the-legal-age-to-drive-a-golf-cart-in-california-2/?srsltid=ChAI8KqgxQYQhKb0zoyi7bttElEAU3n744sAgPfq57OUDYchDZBd4X%2FXJXlLfvWIgO1oEqr4ZeOGcfXau9bmN0xPdliKC5T5v7OcYZvUThMYbTFxXTeju8aw%2Fm38vJdBi8VA%2BdQaAur1,content_interaction,phone_click,8,"Aug 22, 2025",Organic Search,google / organic,1,
https://guildgolfcarts.com/what-is-the-legal-age-to-drive-a-golf-cart-in-california-2/?srsltid=ChAI8KqgxQYQhKb0zoyi7bttElEAU3n746CyAt0BNtImR%2FK20dAzJIfZy%2BLdKJJeARk%2BbPfzm7nv8wfR7Gi8kdbXFSnxvu6nYXryz2tXdfANW5oDeiVdWZ4rSEumXz8DIik9pt0aAk20,content_interaction,phone_click,8,"Aug 22, 2025",Organic Search,google / organic,1,
https://guildgolfcarts.com/what-is-the-legal-age-to-drive-a-golf-cart-in-california-2/?srsltid=ChAI8KqgxQYQhKb0zoyi7bttElEAU3n746LBeco30697j0DwHCDqY8RPRxbWHdeqL7sG9TJbpjxl6NX2RdiQpW1vp%2BdT4w%2FkJzSjmXoBhfSZXIwQ6yWFja6uojEOjYu0xgY2j54aAsYH,content_interaction,phone_click,8,"Aug 22, 2025",Organic Search,google / organic,1,
https://guildgolfcarts.com/what-is-the-legal-age-to-drive-a-golf-cart-in-california-2/?srsltid=ChAI8KqgxQYQhKb0zoyi7bttElEAU3n74xlVVJCPT8qSnX0EAgR7qNvpCEQNyhPXFE8RDX60pdEosA05ROtmmIVa%2FGXNJ%2Brh1vw10FYTrBlsK24lR09NeyJW77NUDnYLwbIP7h8aAs3d,content_interaction,phone_click,8,"Aug 22, 2025",Organic Search,google / organic,1,
https://guildgolfcarts.com/what-is-the-legal-age-to-drive-a-golf-cart-in-california-2/?srsltid=ChAI8KqgxQYQhKb0zoyi7bttElEAU3n74xrItJXBJy4AUPhOS6z0xdGmJCTvyV1fHivVErSCvTdBJ0wQl4kZ7RaHu0li5p7T1BzdNHiCjTCuQLcliDwA3m5p1x5LU5wEH8OJhu0aAkEY,content_interaction,phone_click,8,"Aug 22, 2025",Organic Search,google / organic,1,
https://guildgolfcarts.com/what-is-the-legal-age-to-drive-a-golf-cart-in-california/?srsltid=ChEI8O3CzgYQxpH46aSKlo2WARJRAP5nIJwgSouB76miJQ3mgiFBwmeKvSCa6JUZqr7kwU4SfcrNP%2FWQCxdAXLZnDoGikgQUC%2Bqtv4K%2F38UkEYv%2FCqBTJB1I3RKwQBwdIru3tLJLGgJJfw%3D%3D,content_interaction,phone_click,4,"Apr 4, 2026",Unassigned,(not set),1,
https://guildgolfcarts.com/what-kind-of-battery-does-a-gas-golf-cart-use/,content_interaction,phone_click,1,"Jan 4, 2026",Organic Search,google / organic,2,
https://guildgolfcarts.com/what-kind-of-battery-does-a-gas-golf-cart-use/,content_interaction,phone_click,3,"Mar 24, 2025",Organic Search,google / organic,1,0
https://guildgolfcarts.com/what-kind-of-battery-does-a-gas-golf-cart-use/,content_interaction,phone_click,5,"May 7, 2025",Organic Search,google / organic,1,
https://guildgolfcarts.com/what-kind-of-gas-does-a-golf-cart-take/,content_interaction,phone_click,6,"Jun 9, 2025",Organic Search,google / organic,1,
https://guildgolfcarts.com/what-modifications-can-be-made-to-a-gas-golf-cart-to-increase-its-speed/,content_interaction,phone_click,3,"Mar 14, 2025",Direct,(direct) / (none),1,0
https://guildgolfcarts.com/what-size-battery-does-a-gas-club-car-golf-cart-use/,content_interaction,phone_click,4,"Apr 21, 2025",Organic Search,google / organic,1,
https://guildgolfcarts.com/what-size-battery-does-a-gas-club-car-golf-cart-use/,content_interaction,phone_click,5,"May 20, 2025",Organic Search,google / organic,1,
https://guildgolfcarts.com/where-are-kandi-golf-carts-made/,content_interaction,phone_click,5,"May 1, 2025",Organic Search,google / organic,1,
https://guildgolfcarts.com/where-are-kandi-golf-carts-made/,content_interaction,phone_click,5,"May 3, 2025",Organic Search,google / organic,1,
https://guildgolfcarts.com/where-are-kandi-golf-carts-made/?srsltid=ChAI8OuIwwYQ0%2FaTi6PLsYghElEAZOYGQSIXIS9m7YCe9evJWBYH2Tdo9dYmF3fT1l0cQWJO4O%2B97TN%2FQFUvnE3qaCzfl6bgv%2Fb06MyfkhcarI%2FbLdO9t19cr5njOefHAvXp1sIaAt1W,content_interaction,phone_click,6,"Jun 30, 2025",Unassigned,(not set),1,
https://guildgolfcarts.com/where-is-the-reset-button-on-an-ezgo-golf-cart-motor/,content_interaction,phone_click,6,"Jun 11, 2025",Organic Search,google / organic,1,
https://guildgolfcarts.com/where-is-the-reset-button-on-an-ezgo-golf-cart-motor/?srsltid=ChAI8OrOwgYQnpabpeiogI81ElEAqB5SpuoYhjGgiFHgmactVWNk9okXEMoRe0SDgpvF2NLvx2L3QhDiswbSGr33D%2BCsRVgr6MajnV4PqovrxYfj1HKzasDjA1UKOT03SE17qhAaAmyI,content_interaction,phone_click,6,"Jun 19, 2025",Organic Search,google / organic,1,
https://guildgolfcarts.com/where-is-the-reset-button-on-an-ezgo-golf-cart-motor/,content_interaction,phone_click,7,"Jul 7, 2025",Organic Search,google / organic,1,
https://guildgolfcarts.com/where-is-the-reset-button-on-an-ezgo-golf-cart-motor/,content_interaction,phone_click,8,"Aug 27, 2025",Organic Search,google / organic,1,
https://guildgolfcarts.com/where-is-the-reset-button-on-an-ezgo-golf-cart-motor/,content_interaction,phone_click,1,"Jan 19, 2026",Organic Search,google / organic,1,
https://guildgolfcarts.com/where-is-the-solenoid-on-a-golf-cart/,content_interaction,phone_click,2,"Feb 15, 2025",Organic Search,google / organic,1,0
https://guildgolfcarts.com/who-makes-advanced-ev-golf-carts/,content_interaction,phone_click,4,"Apr 2, 2025",Organic Search,google / organic,1,0
https://guildgolfcarts.com/who-makes-advanced-ev-golf-carts/?srsltid=ChEI8MfJwgYQuN2X9oTTk4C7ARJRAB2Xo51KO%2FdppSzjtFQPa%2Fe042MeYgFhYdsK3q1yHqw0cf0DpryBkfMnxgMMxnTMG0CDYNcocRsC67LmyioEd2wPw8L16eA7dTddRmBTg1gIGgLtxg%3D%3D,content_interaction,phone_click,6,"Jun 18, 2025",Organic Search,google / organic,1,
https://guildgolfcarts.com/who-makes-advanced-ev-golf-carts/?srsltid=ChEI8MfJwgYQuN2X9oTTk4C7ARJRAB2Xo52NSM4UScCQEQtnJN0CkkGtG1CrAESVvTsF895lF33mjd0uwPbK1FUwSNJwlp6ZVPTcC72iBAHL9K%2FbARYDZGMXHzBbQHxPW2VjaemTGgLjKQ%3D%3D,content_interaction,phone_click,6,"Jun 18, 2025",Organic Search,google / organic,1,
https://guildgolfcarts.com/who-makes-advanced-ev-golf-carts/,content_interaction,phone_click,8,"Aug 14, 2025",Organic Search,google / organic,1,
https://guildgolfcarts.com/who-makes-denago-golf-carts/,content_interaction,phone_click,7,"Jul 12, 2025",Organic Search,yahoo / organic,1,
https://guildgolfcarts.com/who-makes-denago-golf-carts/,content_interaction,phone_click,7,"Jul 18, 2025",Organic Search,yahoo / organic,1,
https://guildgolfcarts.com/who-makes-evolution-golf-carts/,content_interaction,phone_click,2,"Feb 27, 2025",Organic Search,google / organic,1,0
https://guildgolfcarts.com/who-makes-evolution-golf-carts/,content_interaction,phone_click,3,"Mar 5, 2025",Organic Search,google / organic,1,0
https://guildgolfcarts.com/who-makes-evolution-golf-carts/,content_interaction,phone_click,3,"Mar 16, 2025",Organic Search,google / organic,1,0
https://guildgolfcarts.com/who-makes-evolution-golf-carts/,content_interaction,phone_click,3,"Mar 27, 2025",Organic Search,google / organic,1,0
https://guildgolfcarts.com/who-makes-evolution-golf-carts/,content_interaction,phone_click,3,"Mar 31, 2025",Organic Search,google / organic,1,0
https://guildgolfcarts.com/who-makes-evolution-golf-carts/,content_interaction,phone_click,4,"Apr 6, 2025",Organic Search,google / organic,1,0
https://guildgolfcarts.com/who-makes-evolution-golf-carts/,content_interaction,phone_click,5,"May 2, 2025",Organic Search,google / organic,1,
https://guildgolfcarts.com/who-makes-evolution-golf-carts/?srsltid=ChEI8K2rwQYQpPOi1MDyhovHARJRALuyZ0gTYGQVdIDYbuEj13RsjBPFAIkvCWtst69By4PnRLQrPeI4szHMs%2FG%2FWQ5GNpRYSTZZEdaVLM3TqCZLyHdd2%2FLih7fHVRH%2F54ZfQRjHGgIqxQ%3D%3D,content_interaction,phone_click,5,"May 19, 2025",Organic Search,google / organic,1,
https://guildgolfcarts.com/who-makes-evolution-golf-carts/?srsltid=ChEI8MGQxQYQh7OD6%2FiO9dLlARJRAAc2elaq%2BJx7ERHQBE%2FDD7CjcM%2BOPcRmjdQ5a3G2Ob7Z7eD2XhNBRPgHFYQ1BpylNz6KIa4fgH%2F7wtMcHNFWlgPuwj2pPDiKH9X4vsYV%2Bj1jGgLumg%3D%3D,content_interaction,phone_click,8,"Aug 19, 2025",Organic Search,google / organic,1,
https://guildgolfcarts.com/who-makes-evolution-golf-carts/,content_interaction,phone_click,9,"Sep 2, 2025",Organic Search,google / organic,1,
https://guildgolfcarts.com/who-makes-evolution-golf-carts/?srsltid=ChAI8Oj9xgYQ7tC2vKC0lpZNElEApbsQ0ra%2B1FCPSyMhIlke0o91huibdcBog4HCRyJ0BsMTUjqtJtHSrT4Ro7qFTt7lcpfyLsDGWCms2HR9hDXHHn0CfJvUIlj0ckl4u3EbdRYaAgdd,content_interaction,phone_click,10,"Oct 3, 2025",Organic Search,google / organic,1,
https://guildgolfcarts.com/who-makes-star-golf-carts/,content_interaction,phone_click,3,"Mar 28, 2025",Organic Search,google / organic,1,0
https://guildgolfcarts.com/who-makes-zone-electric-golf-carts/?srsltid=ChEI8NHqwQYQ94vCkNuTrpOHARJRAJfFDF7BIcID9N4pW83LX4RngHG3Kj1aJU6QYzzSnKC9j3fJpApb0BXufFsAiEpipLehusTuRvwaUUXEANJtGhpMlGc3JOwl%2Bc9o371TP9%2FCGgItlQ%3D%3D,content_interaction,phone_click,5,"May 31, 2025",Organic Search,google / organic,1,
https://guildgolfcarts.com/who-makes-zone-electric-golf-carts/,content_interaction,phone_click,6,"Jun 16, 2025",Organic Search,yahoo / organic,1,
https://guildgolfcarts.com/who-makes-zone-electric-golf-carts/?srsltid=ChAI8P35xQYQ%2FqmMhs%2B7795hElEAdk5nJhApOodHiQ4%2F%2FXA0h5s8332AMLtaDhp3GQEFnEtq%2Bt5elFEYwJhqkLHQuVY0q%2F%2B1TLcc6rdaHVaS19DLM4dNrksc1aJfjXvF7rN7PFkaAtL%2B,content_interaction,phone_click,9,"Sep 8, 2025",Organic Search,google / organic,1,
https://guildgolfcarts.com/who-makes-zone-electric-golf-carts/?srsltid=ChAI8P35xQYQ%2FqmMhs%2B7795hElEAdk5nJuKFIXUB%2BqqyhxPrIH4ip6UXNiYgLrjPxb7sSPCZxBpTzXiYh1GXI4bTvMC7gBFe%2BrilobEMITfJJmrPfVp1IJ4zA6bNkwDPRIRmzhgaAnOa,content_interaction,phone_click,9,"Sep 8, 2025",Organic Search,google / organic,1,
https://guildgolfcarts.com/who-makes-zone-electric-golf-carts/?srsltid=ChEI8KD%2FxQYQ4rTZ3f7P8uLIARJRAAEA9fF7HFj3LdpMsJ5evVdFuKxAd%2Bsd6RKy8MJkyYcMToyIQaBuQV358VnSCwbYg3wLitfFbpRjqjlhBtyWNOjG1PGj5jNP1thnJavIm6G8GgJPgw%3D%3D,content_interaction,phone_click,9,"Sep 9, 2025",Organic Search,google / organic,1,
https://guildgolfcarts.com/why-is-my-electric-golf-cart-jerking/,content_interaction,phone_click,6,"Jun 7, 2025",Organic Search,google / organic,1,
https://guildgolfcarts.com/why-is-my-gas-golf-cart-losing-power/,content_interaction,phone_click,3,"Mar 2, 2025",Organic Search,google / organic,1,0
https://staging1.guildgolfcarts.com/,form_interaction,form_submission,2,"Feb 11, 2025",Referral,dashboard.uptimerobot.com / referral,1,0
https://staging1.guildgolfcarts.com/?elementor_library=get-a-quote&preview_id=16532&preview_nonce=c882efebd3&preview=true,form_interaction,form_submission,2,"Feb 11, 2025",Referral,dashboard.uptimerobot.com / referral,1,0
https://staging1.guildgolfcarts.com/denago-nomad/,form_interaction,form_submission,12,"Dec 29, 2025",Organic Search,yahoo / organic,2,
https://staging1.guildgolfcarts.com/denago-rover-xl/,content_interaction,phone_click,3,"Mar 11, 2025",Organic Search,duckduckgo / organic,1,0
https://staging1.guildgolfcarts.com/evolution-classic-2-plus/,form_interaction,form_submission,3,"Mar 6, 2025",Organic Search,google / organic,1,0
https://staging1.guildgolfcarts.com/evolution-electric-vehicles/,form_interaction,form_submission,2,"Feb 22, 2025",Paid Search,google / cpc,1,0
https://staging1.guildgolfcarts.com/evolution-electric-vehicles/,form_interaction,form_submission,3,"Mar 2, 2025",Organic Search,google / organic,1,0
https://staging1.guildgolfcarts.com/evolution-electric-vehicles/,form_interaction,form_submission,3,"Mar 3, 2025",Direct,(direct) / (none),1,0